beersking.csv,name,url,introduction_title,introduction_text,pass
1,CREW Republic「HOP JUNKIE」,https://www.craftbeer-times.com/crewrepublic-hop-junkie//,CREW Republic「HOP JUNKIE」ホップの香りにクラクラする！ドリンカブルすぎて飲みすぎ注意なセッションIPA,キレのあるドライな飲み心地、華やかでバラエティ豊かなホップの香り、低アルコールでとても飲みやすい,https://www.craftbeer-times.com/wp-content/uploads/2020/06/crewrepublic-hop-junkie.jpg
2,ヴァイエンステファン「ヘフヴァイス」,https://www.craftbeer-times.com/weihwnstephaner-hefe-weiss//,ヴァイエンステファン「ヘフヴァイス」世界最古の醸造所の風格あるヘーフェヴァイツェン,世界最古の醸造所のビール！非常に豊かでクリーミーな泡、優しく甘いバナナの風味,https://www.craftbeer-times.com/wp-content/uploads/2020/06/weihwnstephaner-hefe-weiss.jpg.webp
3,うちゅうブルーイング「JUPITER」,https://www.craftbeer-times.com/uchubrewing-jupiter//,うちゅうブルーイング「JUPITER」上品なホップの香りと確かなコクを感じる爽快なイタリアンピルスナー,ドイツ式のピルスナーにドイツ産のホップをふんだんに使ったイタリアンピルスナー、溢れるホップの華やかな香り、味わい深くもクリスピーで飲みやすい,https://www.craftbeer-times.com/wp-content/uploads/2020/06/uchu-jupiter.jpg.webp
4,カンティヨン「グーズ」,https://www.craftbeer-times.com/cantillon-gueuze//,カンティヨン「グーズ」伝統を守り続ける成熟した正統派ランビック,ランビックならではの強烈な酸味！、酸味の奥にある旨味、香ばしくもフルーティーな複雑なアロマ,https://www.craftbeer-times.com/wp-content/uploads/2020/06/cantillon-gueuze.jpg.webp
5,フラーズ「ロンドンポーター」,https://www.craftbeer-times.com/fullers-london-porter//,フラーズ「ロンドンポーター」気分はまるでロンドンの運び屋？芳醇でなめらかな伝統的なポーター,まろやかで優しい口当たり、コーヒーや煮出した濃いお茶の様な香り、ドライで飲み飽きしないパブのエール,https://www.craftbeer-times.com/wp-content/uploads/2020/06/fullers-london-porter.jpg
6,Smog City IPA,https://www.craftbeer-times.com/smog-city-brewing-ipa//,Smog City IPA クラフトビールの聖地カリフォルニアのブルワリーの看板商品！,Smog City Brewingの看板商品、ホップが印象強いウェストコーストIPA、日本国内では2018年12月から輸入販売されている,https://www.craftbeer-times.com/wp-content/uploads/2020/06/smogcity-ipa.jpg.webp
7,CREW Republic「DRUNKEN SAILOR」,https://www.craftbeer-times.com/crewrepublic-drunken-sailor//,CREW Republic「DRUNKEN SAILOR」ラガー大国ドイツから生まれた濃厚で爽快なアメリカンIPA！,オールドスクールなアメリカンIPA、モルトとホップの濃厚な風味と味わい、強烈な味わいなのに後引かない飲みやすさ,https://www.craftbeer-times.com/wp-content/uploads/2020/05/crewrepublic-drunken-sailor.jpg.webp
8,遠野醸造「ペールエール」,https://www.craftbeer-times.com/tonobrewing-pale-ale//,遠野醸造「ペールエール」豊かな香りでドリンカブルなホップの里のペールエール,遠野醸造人気No.1のビール、柑橘やトロピカルフルーツ、ハーブの豊かなホップの香り、非常に軽やかでドリンカブルな味わい,https://www.craftbeer-times.com/wp-content/uploads/2020/05/tonobrewing-pale-ale.jpg.webp
9,BALLAST POINT BREWING「FATHOM IPA 」,https://www.craftbeer-times.com/ballast-point-brewing-fathom-ipa//,BALLAST POINT BREWING「FATHOM IPA 」ドリンカブルなウェストコーストIPA,オーソドックスなウェストコーストIPA、モルトの甘味とオレンジのような柑橘香、IPA入門にもオススメ,https://www.craftbeer-times.com/wp-content/uploads/2020/05/fathom-ipa.jpg.webp
10,フランツィスカーナー「ヴァイスビール クリスタル」,https://www.craftbeer-times.com/franziskaner-weissbier-kristallklar//,フランツィスカーナー「ヴァイスビール クリスタル」黄金色に輝くクリアな仕上がりのクリスタルヴァイツェン,濁りのないクリアな外観、おとなしめなバナナとヨーグルトのような香り、すっきり爽やかな味わい,https://www.craftbeer-times.com/wp-content/uploads/2020/05/franziskaner-weissbier-kristallklar.jpg
11,反射炉ビヤ「早雲」,https://www.craftbeer-times.com/hansyarobeer-souun//,反射炉ビヤ「早雲」弾けるアメリカンホップの香り！飲み心地のいいバランスのとれたペールエール,軽やかでなめらかな口当たり、アメリカンホップの豊かな香り、甘味と苦みのちょうどいいバランス,https://www.craftbeer-times.com/wp-content/uploads/2020/05/hansyarobeer-souun.jpg.webp
12,フラーズ「ESB」,https://www.craftbeer-times.com/fullers-esb//,フラーズ「ESB」モルトの力強い風味とコク！イギリスを代表するビターエール,クリアに澄んだ琥珀色の綺麗な見た目、モルトの凝縮感のある甘い香り、コクのあるスムーズな味わい,https://www.craftbeer-times.com/wp-content/uploads/2020/05/fullers-esb.jpg.webp
13,デュポン醸造所「セゾンデュポン」,https://www.craftbeer-times.com/saison-dupont//,デュポン醸造所「セゾンデュポン」世界中のブルワリーが認めた歴史あるセゾン,世界が認めるセゾンの元祖、フルーティーで小麦の香ばしさが感じられる香り、とても爽やかで飲みやすい,https://www.craftbeer-times.com/wp-content/uploads/2020/05/saison-dupont.jpg.webp
14,エチゴビール「麗醸 」,https://www.craftbeer-times.com/echigo-reijyou//,エチゴビール「麗醸 」コスパ抜群の本格的なピルスナー,比較的安い価格、それでいて安っぽさは全く感じない香りと味わい、麦芽とホップのみで作られた高品質で本格的なボヘミアンピルスナー,https://www.craftbeer-times.com/wp-content/uploads/2020/05/echigo-reigyou.jpg.webp
15,反射炉ビヤ「ど根性IPA」,https://www.craftbeer-times.com/hansyarobeer-dokonjoh-ipa//,反射炉ビヤ「ど根性IPA」超複雑な香り！バーボン樽で熟成したリッチなインペリアルIPA,バーボンウイスキー樽で熟成したIPA、熟したフルーツやバニラなどの複雑な香り、ハイアルコールで満足感のあるリッチな味わい,https://www.craftbeer-times.com/wp-content/uploads/2020/05/hansyaro-dokonjoh-ipa.jpg.webp
16,反射炉ビヤ「頼朝」,https://www.craftbeer-times.com/hansharobeer-yoritomo//,反射炉ビヤ「頼朝」チョコレートやココアのような甘苦さが心地よいクラシックなポーター,黒ビールらしいチョコレートやココアの香り、さらっとした程よい甘さ、飲みやすさとコクの両立,https://www.craftbeer-times.com/wp-content/uploads/2020/05/hansharo-yoritomo.jpg.webp
17,反射炉ビヤ「太郎左衛門」,https://www.craftbeer-times.com/hansharobeer-tarozaemon//,反射炉ビヤ「太郎左衛門」スムーズで芳醇！本格的な英国式ビター,ガス圧の低い飲みやすい口当たり、モルトやハーブの落ち着いた香り、深みがありながらスルッと喉を通る味わい,https://www.craftbeer-times.com/wp-content/uploads/2020/05/hansharo-tarozaemon.jpg.webp
18,セリス醸造所「セリス・ホワイト」,https://www.craftbeer-times.com/celis-white//,セリス醸造所「セリス・ホワイト」ベルジャンホワイトの父がアメリカに渡って生み出した本物のホワイトエール,ベルジャンホワイトを広めたピエール・セリスがアメリカでつくったビールの復刻版、華やかでスパイシーな香り、甘酸っぱくも爽やかでキレのいい味わい,https://www.craftbeer-times.com/wp-content/uploads/2020/05/celis-white.jpg.webp
19,「CHIMAY GOLD（シメイ・ゴールド） 」,https://www.craftbeer-times.com/chimay-gold//,「CHIMAY GOLD（シメイ・ゴールド） 」修道僧のためにつくられていた特別なトラピストビール,美しいブロンド色、華やかで複雑な香り、辛口ながら上品な甘い風味,https://www.craftbeer-times.com/wp-content/uploads/2020/05/chimay-gold.jpg
20,志賀高原ビール「SNOW MONKEY IPA」,https://www.craftbeer-times.com/snow-monkey-ipa//,志賀高原ビール「SNOW MONKEY IPA」ホップの個性を最大限に引き出した限定ヘイジーIPA,目が醒めるようなホップフレーバー、フルーティーだが苦味もしっかり、年一回の限定醸造ビール,https://www.craftbeer-times.com/wp-content/uploads/2020/05/shigakogen-snow-monkey-ipa.jpg
21,BrewDog「LOST LAGER」,https://www.craftbeer-times.com/brewdog-lost-lager//,BrewDog「LOST LAGER」 蘇った伝統的なラガービールに現代技術を注ぎ込んだブリュードッグの傑作,ドイツ産の材料に拘って作られたピルスナー、ドライホッピングによる強いホップアロマ、比較的リーズナブルな価格,https://www.craftbeer-times.com/wp-content/uploads/2020/05/brewdog-lost-lager.jpg
22,忽布古丹醸造「upopo -ウポポ-」,https://www.craftbeer-times.com/hopkotan-upopo//,忽布古丹醸造「upopo -ウポポ-」上品なホップが香るクリアで爽やかな味わいのピルスナー,北海道上富良野産ホップ100%、ホップの穏やかながら上品な香り、メリハリのある軽快な飲み口,https://www.craftbeer-times.com/wp-content/uploads/2020/04/hopkotan-upopo.jpg
23,忽布古丹醸造「nonno -ノンノ-」,https://www.craftbeer-times.com/hopkotan-nonno//,忽布古丹醸造「nonno -ノンノ-」上富良野産ホップ100%！柔らかな飲み心地なペールエール,北海道上富良野産ホップ100%、ライトな飲みやすさ、程よい華やかな香り、ペアリングが万能,https://www.craftbeer-times.com/wp-content/uploads/2020/04/hopkotan-nonno.jpg
24,Revision Brewing「Whole Lotta Ruckus」,https://www.craftbeer-times.com/revision-brewing-whole-lotta-ruckus//,Revision Brewing「Whole Lotta Ruckus」アメリカ西海岸と東海岸のエッセンスが混ざり合ったヘイジーIPA,強い濁りさらりとしたジューシーな味わい、柑橘とトロピカルフルーツの香り,https://www.craftbeer-times.com/wp-content/uploads/2020/04/revision-whole-lotta-ruckus.jpg
25,うちゅうブルーイング「ANTARES」,https://www.craftbeer-times.com/uchubrewing-antares-triple-ipa//,うちゅうブルーイング「ANTARES」アルコール度数10％！超絶濃厚トリプルIPA,10%というABV（アルコール度数）の高さ、むせ返るようなトロピカルなフレーバー、甘く濃厚で異次元の味わい,https://www.craftbeer-times.com/wp-content/uploads/2020/04/uchu-antares-triple-ipa.jpg.webp
26,伊勢角屋麦酒「ペールエール」,https://www.craftbeer-times.com/isekadoya-pale-ale//,伊勢角屋麦酒「ペールエール」通称伊勢ぺ！多くの人々に愛されるドリンカブルなペールエール,飲み飽きしない味わい、アメリカンホップの華やかな香り、クリーンで後を引かない苦味,https://www.craftbeer-times.com/wp-content/uploads/2020/03/isekadoyabrewry-pale-ale.jpg.webp
27,伊勢角屋麦酒「ねこにひき」,https://www.craftbeer-times.com/isekadoya-neko-nishiki//,伊勢角屋麦酒「ねこにひき」ホップのフレーバーが溢れだす超人気ニューイングランドIPA,強い濁り、ホップの豊かなトロピカルフレーバー、フレッシュでジューシーな甘味,https://www.craftbeer-times.com/wp-content/uploads/2020/03/isekadoyabrewery-neko-nishiki.jpg.webp
28,オラホビール「雷電カンヌキIPA」,https://www.craftbeer-times.com/raiden-kannuki-ipa-ipa//,オラホビール「雷電カンヌキIPA」伝説の力士の得意技がモチーフになった柑橘香るIPA,強めの柑橘香、IPAだけど苦すぎずスッキリ軽やか、比較的お手頃なお値段,https://www.craftbeer-times.com/wp-content/uploads/2020/02/raiden-kannuki-ipa-ipa.jpg.webp
29,黄桜「LUCKY MOUSE」,https://www.craftbeer-times.com/kizaura-lucky-mouse//,黄桜「LUCKY MOUSE」2020年は子年！ライトでホッピーなセッションIPA,軽やかなホップの香り、ライトボディながらしっかりとした苦味,https://www.craftbeer-times.com/wp-content/uploads/2020/01/kizaura-lucky-mouse.jpg.webp
30,箕面ビール「ボスざるIPA」,https://www.craftbeer-times.com/minoh-bosszaru-ipa//,箕面ビール「ボスざるIPA」ロースト麦芽とホップの爽やかさクセになるブラックIPA,コーヒーやお茶を思わせる香ばしさ、柑橘系の爽やかな香り、ローストされた麦芽の心地よい苦味と酸味,https://www.craftbeer-times.com/wp-content/uploads/2019/11/minoh-bosszaru-ipa.jpg.webp
31,箕面ビール「おさるIPA」,https://www.craftbeer-times.com/minoh-osaru-ipa//,箕面ビール「おさるIPA」まるでおサルな軽やかさ！？ホッピーなゴールデンIPA,ホッピーで爽やか、シトラス＆トロピカルな香り、重すぎず軽すぎない絶妙なバランス,https://www.craftbeer-times.com/wp-content/uploads/2019/11/minoh-osaru-ipa.jpg.webp
32,黄桜「ONE FOR ALL ALL FOR ONE」,https://www.craftbeer-times.com/kizakura-one-for-all-all-for-one//,黄桜 ONE FOR ALL ALL FOR ONE ラグビーW杯に色を添えた限定醸造ビール,ラグビーW杯にちなんで限定醸造されたビール、焦げ感のある香ばしさとフルーティな香り、強い苦み,https://www.craftbeer-times.com/wp-content/uploads/2019/11/oneforall-allforone.jpg.webp
33,Mikkeller「ピーター、ペール＆メアリー」,https://www.craftbeer-times.com/mikkeler-peter-pale-and-mary//,Mikkeller「ピーター、ペール＆メアリー」カジュアル飲みに最適なアメリカンペールエール,濁りのあるオレンジ色の外観、シトラス・トロピカル・ハーブがそろったホップの香り、ドライで飲みやすい味わい,https://www.craftbeer-times.com/wp-content/uploads/2019/11/mikkeler-poter-pale-and-mary-1360x960.jpg.webp
34,「グランドキリン ホワイトエール」,https://www.craftbeer-times.com/grand-kirin-white-ale//,「グランドキリン ホワイトエール」 まるでマスカットジュースを飲んでるようなビール！,ハッとするマスカットのような香り、スーパーなどで購入できる、比較的安価での購入が可能,https://www.craftbeer-times.com/wp-content/uploads/2019/11/grandkirin-whiteale-1360x960.jpg.webp
35,うちゅうブルーイング「DRAGON」,https://www.craftbeer-times.com/uchubrewing-dragon//,うちゅうブルーイング「DRAGON」濁ってますが、ゴクゴク飲めます！,乳白色の外観、非常に強いホップのトロピカルな香り、ドライで穏やかな味わい,https://www.craftbeer-times.com/wp-content/uploads/2019/11/uchu-dragon-1360x960.jpg.webp
36,うちゅうブルーイング「宇宙MONK」,https://www.craftbeer-times.com/uchubrewing-uchumonk//,うちゅうブルーイング「宇宙MONK」ミルキー&ホッピーなおもしろIPA,ホップの清涼感ある香り、ミルキーでリッチな甘味、デザートとのペアリングが楽しい,https://www.craftbeer-times.com/wp-content/uploads/2019/10/uchu-monk-1360x960.jpg.webp
37,「グランドキリン IPA」,https://www.craftbeer-times.com/grand-kirin-ipa//,「グランドキリン IPA」華やかなホップの香りのIPA！,飲みやすいのでIPAの入門にオススメ、スーパーなどで購入できる、比較的安価での購入が可能,https://www.craftbeer-times.com/wp-content/uploads/2019/10/grandkirin-ipa-1360x960.jpg.webp
38,「志賀高原 IPA」,https://www.craftbeer-times.com/shigakogen-ipa//,「志賀高原 IPA」爽快！ホップとモルトのバランスが絶妙なIPA,志賀高原ビールの看板商品、重厚感のある深い琥珀色、シトラスの爽やかさとモルトの風味、IPAらしい強い苦味としつこくない飲みやすさ,https://www.craftbeer-times.com/wp-content/uploads/2019/09/shigakogen-ipa-1360x960.jpg.webp
39,「グランドキリン IPL」,https://www.craftbeer-times.com/grand-kirin-ipl//,「グランドキリン IPL」IPAとラガーの良いところが合わさった新しいビール！,IPAの香りと苦み＆ラガーのキレの両方を楽しめる、スーパーなどで購入できる、比較的安価での購入が可能,https://www.craftbeer-times.com/wp-content/uploads/2019/09/grandkirin_ipl-1360x960.jpg.webp
40,ライディーンビール「ヴァイツェン」,https://www.craftbeer-times.com/rydeenbeer-weizen//,ライディーンビール「ヴァイツェン」サッパリおしとやか系のヴァイツェン,柔らかい泡立ち、穏やかでフレッシュな香り、小麦の穏やかさとキレの良さ,https://www.craftbeer-times.com/wp-content/uploads/2019/08/rydeen-weizen-1360x960.jpg.webp
41,黄桜「LUCKY MOUSE」,https://www.craftbeer-times.com/stone-brewing-ipa//,「ストーンIPA」アメリカ西海岸から世界中を熱狂させるStone BrewingのIPA,THE ウエストコーストスタイルのIPA、強烈なインパクトが残る味わい、本場アメリカのIPAに入門するには外せない一本,https://www.craftbeer-times.com/wp-content/uploads/2019/08/stone-ipa-1360x960.jpg.webp
42,アサヒ「スタウト」,https://www.craftbeer-times.com/asahi-stout//,アサヒ「スタウト」知る人ぞ知る国産最高級のスタウト！,きめ細やかな泡、醤油のような香ばしさ、プルーンのような凝縮感のあるフルーツ香、超濃厚でインパクトのある味わい,https://www.craftbeer-times.com/wp-content/uploads/2019/08/asahi-stout-1360x960.jpg.webp
43,エチゴビール「スタウト」,https://www.craftbeer-times.com/echigobeer-stout//,エチゴビール「スタウト」飲みやすいのに飲みごたえのある黒ビール！,真っ黒な外観と茶色い豊かな泡、コーヒーやチョコレートのような香り、なめらかな口当たりと程よい甘味、価格以上の味わい,https://www.craftbeer-times.com/wp-content/uploads/2019/07/echigobeer-stout-1360x960.jpg.webp
44,COEDO「伽羅-kyara-」,https://www.craftbeer-times.com/coedo-kyara//,COEDO「伽羅-kyara-」ガツンと飲みごたえのあるラガービール！,オレンジ色の外観、柑橘とハーブの爽やかな香り、ホップの苦味とモルトのコク,https://www.craftbeer-times.com/wp-content/uploads/2019/07/coedo_kyara-1360x960.jpg.webp
45,北海道麦酒醸造「メロンエール」,https://www.craftbeer-times.com/melonale//,北海道麦酒醸造「メロンエール」食後のデザートに飲みたいビール,ビールの味が苦手な人にもオススメ、まるでメロンジュースそのもの、食後のデザート代わりになる,https://www.craftbeer-times.com/wp-content/uploads/2019/07/melonale-1360x960.jpg.webp
46,エチゴビール「ホワイトエール」,https://www.craftbeer-times.com/echigo-whiteale//,エチゴビール「ホワイトエール」気軽に飲めるヴァイツェン,豊かな泡立ち、フルーティーで酸味のある香り、さらりとした柔らかな味わい,https://www.craftbeer-times.com/wp-content/uploads/2019/07/echigo-whiteale-1360x961.jpg.webp
47,黄桜「京都麦味 抹茶」,https://www.craftbeer-times.com/kyoto-matcha//,黄桜「京都麦味 抹茶」新感覚な抹茶ビール！,新しい感覚を楽しめるビール、味も見た目も抹茶そのもの、ABV（アルコール度数）が9%とずっしりくる一口、抹茶好きの方に是非飲んでほしい1本,https://www.craftbeer-times.com/wp-content/uploads/2019/07/matchamugimi-1360x960.jpg.webp
48,「BIG WAVE Golden Ale（ビッグウェーブ ゴールデンエール）」,https://www.craftbeer-times.com/big-wave-golden-ale//,ハワイの波に乗れる！「BIG WAVE Golden Ale（ビッグウェーブ ゴールデンエール）」,常夏感あふれるトロピカルな香り、すっきりした喉越しで後味もGOOD、料理を邪魔しない爽やかさ,https://www.craftbeer-times.com/wp-content/uploads/2019/06/bigwave-1360x960.jpg.webp
49,銀河高原ビール「小麦のビール」,https://www.craftbeer-times.com/gingakogen-komugibeer//,銀河高原ビール「小麦のビール」味の決め手は水にあり！！,缶を開けた瞬間のフルーティーな香りに注目、無濾過によるまろやかな味わい、スーパーなどで購入可能,https://www.craftbeer-times.com/wp-content/uploads/2019/06/gingakogen-1360x960.jpg.webp
50,黄桜「LUCKY CAT」,https://www.craftbeer-times.com/luckycat//,黄桜「LUCKY CAT」飲んで楽しく、ラッキーに！,ゆずと和山椒の素敵なコラボ、舌の上で楽しむビール、料理の味を引き足せる味わい,https://www.craftbeer-times.com/wp-content/uploads/2019/06/luckycat-1360x960.jpg.webp
51,ヤッホーブルーイング「水曜日のネコ」,https://www.craftbeer-times.com/suiyoubinoneko//,ヤッホーブルーイング「水曜日のネコ」やさしい小麦の味わいに癒されるベルジャンホワイト,ほっと一息つけるような柔らかな味わい、ビールが苦手という人にもオススメできる、スーパーなどで購入できる、比較的お手頃なお値段,https://www.craftbeer-times.com/wp-content/uploads/2019/06/suiyoubinoneko-1360x960.jpg.webp
52,「インドの青鬼」,https://www.craftbeer-times.com/indono-aooni//,「インドの青鬼」ホップの強烈な苦味と香り！大人気国産IPA,ガツンとした苦味と柑橘系の爽やかさ、ABV（アルコール度数）が7%と強め、スーパーなどで購入できる、比較的お手頃なお値段,https://www.craftbeer-times.com/wp-content/uploads/2019/06/aooni-1360x960.jpg.webp
53,エチゴビール「フライングIPA」,https://www.craftbeer-times.com/echigobeer-flying-ipa//,エチゴビール「フライングIPA」強い苦みがクセになるIPA！,ガツンとした苦味、アメリカンスタイルならではのシトラスのアロマ、ファンの多い大人気国産IPA,https://www.craftbeer-times.com/wp-content/uploads/2019/06/echigo-ipa-1360x960.jpg.webp
54,「ヒューガルデン ホワイト」,https://www.craftbeer-times.com/hoegaarden-white//,「ヒューガルデン ホワイト」押さえておきたいベルギービールの代表格！,元祖ベルジャンホワイト、柔らかな口当たりで苦味が少ない、オレンジピールとコリアンダーの素晴らしいバランス,https://www.craftbeer-times.com/wp-content/uploads/2019/06/hoegaarden-1360x960.jpg.webp
55,BrewDog「PUNK IPA」,https://www.craftbeer-times.com/brewdog-punkipa//,BrewDog「PUNK IPA」クラフトビール界の異端児が純粋に美味いビールを追求したIPA,BrewDogを代表する世界的に人気のあるビール、爽快で飲みやすく、苦味が心地よい、ホップ由来の柑橘系のアロマが漂う,https://www.craftbeer-times.com/wp-content/uploads/2019/05/brewdog_punkipa-1360x960.jpg.webp
56,West Coast Brewing「Full Hop Alchemist v.3」,https://www.craftbeer-times.com/west-coast-brewing-full-hop-alchemist-v3//,West Coast Brewing「Full Hop Alchemist v.3」トロピカルの中に松ヤニの風味が光るヘイジーダブルIPA！,West Coast Brewing「Full Hop Alchemist v.3」トロピカルの中に松ヤニの風味が光るヘイジーダブルIPA！,https://www.craftbeer-times.com/wp-content/uploads/2020/04/westcoast-full-hop-alchemist.jpg
57,West Coast Brewing「Hop Wave」,https://www.craftbeer-times.com/west-coast-brewing-hop-wave//,West Coast Brewing「Hop Wave」ホップの強烈な波が押し寄せる スッキリガツン系のダブルIPA,West Coast Brewing「Hop Wave」ホップの強烈な波が押し寄せる スッキリガツン系のダブルIPA,https://www.craftbeer-times.com/wp-content/uploads/2020/04/westcoast-hop-wave.jpg
58,京都醸造「一意専心」,https://www.craftbeer-times.com/kyotobrewing-ichiisenshin//,京都醸造「一意専心」ベルジャン酵母とホップの出会い！豊かで複雑な味わいのベルジャンIPA,京都醸造「一意専心」ベルジャン酵母とホップの出会い！豊かで複雑な味わいのベルジャンIPA,https://www.craftbeer-times.com/wp-content/uploads/2020/04/kyotobrewing-ichiisenshin.jpg
59,ヨロッコビール「Peninsula Saison」,https://www.craftbeer-times.com/yoroccobeer-peninsula-saison//,ヨロッコビール「Peninsula Saison」スカッと爽快！華やかさが際立ったずっと飲んでいたくなるセゾン,ヨロッコビール「Peninsula Saison」スカッと爽快！華やかさが際立ったずっと飲んでいたくなるセゾン,https://www.craftbeer-times.com/wp-content/uploads/2020/04/yoroccobeer-peninsula-saison.jpg
60,West Coast Brewing「Never Enough Bass」,https://www.craftbeer-times.com/west-coast-brewing-never-enough-bass//,West Coast Brewing「Never Enough Bass」ホップが大騒ぎ！？超ホッピーでドライなキレ味のヘイジーペールエール,West Coast Brewing「Never Enough Bass」ホップが大騒ぎ！？超ホッピーでドライなキレ味のヘイジーペールエール,https://www.craftbeer-times.com/wp-content/uploads/2020/04/westcoast-never-enough-bass.jpg
61,京都醸造「一期一会」,https://www.craftbeer-times.com/kyotobrewing-ichigoichie//,京都醸造「一期一会」ベルジャン×アメリカンの出会いに感謝！複雑だけど軽やかなセゾン,京都醸造「一期一会」ベルジャン×アメリカンの出会いに感謝！複雑だけど軽やかなセゾン,https://www.craftbeer-times.com/wp-content/uploads/2020/04/kyotobrewing-ichigoichie.jpg
62,ヨロッコビール「Blackbird Sipping」,https://www.craftbeer-times.com/yoroccobeer-blackbird-shipping//,ヨロッコビール「Blackbird Sipping」ロースト香と華やかさが交じり合う！ユニークな組み合わせのベルジャンポーター,ヨロッコビール「Blackbird Sipping」ロースト香と華やかさが交じり合う！ユニークな組み合わせのベルジャンポーター,https://www.craftbeer-times.com/wp-content/uploads/2020/04/yoroccobeer-blackbird-shipping.jpg.webp
63,BrewDog「Zombie Cake」,https://www.craftbeer-times.com/brewdog-zombie-cake//,BrewDog「Zombie Cake」まるでチョコのような甘く香ばしいポーター！,BrewDog「Zombie Cake」まるでチョコのような甘く香ばしいポーター！,https://www.craftbeer-times.com/wp-content/uploads/2020/04/brewdog-zombie-cake.jpg.webp
64,ヨロッコビール「Amber Saved My Life」,https://www.craftbeer-times.com/yoroccobeer-amber-saved-my-life//,ヨロッコビール「Amber Saved My Life」香ばしくも華やかな包容力抜群なアンバーセゾン,ヨロッコビール「Amber Saved My Life」香ばしくも華やかな包容力抜群なアンバーセゾン,https://www.craftbeer-times.com/wp-content/uploads/2020/04/yoroccobeer-amber-saved-my-life.jpg.webp
65,銀河高原ビール「白ビール」,https://www.craftbeer-times.com/gingakogen-shiro-beer//,銀河高原ビール「白ビール」爽やかな酸味が美味しいホワイトエール！,銀河高原ビール「白ビール」爽やかな酸味が美味しいホワイトエール！,https://www.craftbeer-times.com/wp-content/uploads/2020/04/gingakogenbeer-shiro-beer.jpg.webp
66,ベアードビール「沼津ラガー」,https://www.craftbeer-times.com/bairdbeer-numazu-lager//,ベアードビール「沼津ラガー」飲みやすいだけじゃない！モルトの豊かなコクと風味が素晴らしいラガー,ベアードビール「沼津ラガー」飲みやすいだけじゃない！モルトの豊かなコクと風味が素晴らしいラガー,https://www.craftbeer-times.com/wp-content/uploads/2020/04/bairdbeer-numazu-lager.jpg.webp
67,伊勢角屋麦酒「ヒメホワイト」,https://www.craftbeer-times.com/isekadoya-hime-white//,伊勢角屋麦酒「ヒメホワイト」甘みと爽やかさのバランスが美しい和のベルジャンホワイト,伊勢角屋麦酒「ヒメホワイト」甘みと爽やかさのバランスが美しい和のベルジャンホワイト,https://www.craftbeer-times.com/wp-content/uploads/2020/03/isekadoyabrewery-hime-white.jpg.webp
68,エチゴビール「有機栽培プレミアムビール」,https://www.craftbeer-times.com/echigo-yukisaibai-premium-beer//,エチゴビール「有機栽培プレミアムビール」オーガニックな麦芽とホップを使ったピルスナー,エチゴビール「有機栽培プレミアムビール」オーガニックな麦芽とホップを使ったピルスナー,https://www.craftbeer-times.com/wp-content/uploads/2020/03/echigo-yukisaibai-premiumbeer.jpg.webp
69,ベアードビール「黒船ポーター」,https://www.craftbeer-times.com/bairdbeer-kurofune-porter//,ベアードビール「黒船ポーター」ビターな大人の香りが漂うなめらかなポーター,ベアードビール「黒船ポーター」ビターな大人の香りが漂うなめらかなポーター,https://www.craftbeer-times.com/wp-content/uploads/2020/03/bairdbeer-kurofune-porter.jpg.webp
70,Y.MARKET BREWING「Hop BAZOOKA!! 」,https://www.craftbeer-times.com/ymarket-hop-bazooka//,Y.MARKET BREWING「Hop BAZOOKA!! 」 次々に撃ち込まれるホップの砲弾！,Y.MARKET BREWING「Hop BAZOOKA!! 」 次々に撃ち込まれるホップの砲弾！,https://www.craftbeer-times.com/wp-content/uploads/2020/03/ymarket-hop-bazooka.jpg.webp
71,フラーズ「ロンドンプライド」,https://www.craftbeer-times.com/fullers-london-pride//,フラーズ「ロンドンプライド」気分はイギリスのパブ！ラフで落ち着いた飲み心地のイングリッシュペールエール,フラーズ「ロンドンプライド」気分はイギリスのパブ！ラフで落ち着いた飲み心地のイングリッシュペールエール,https://www.craftbeer-times.com/wp-content/uploads/2020/03/fullers-london-pride.jpg.webp
72,アンカー「スチーム」,https://www.craftbeer-times.com/anchor-steam//,アンカー「スチーム」アメリカで生まれたエールとラガーのハイブリットスタイルの元祖！,アンカー「スチーム」アメリカで生まれたエールとラガーのハイブリットスタイルの元祖！,https://www.craftbeer-times.com/wp-content/uploads/2020/03/anchor-steam.jpg.webp
73,Y.MARKET BREWING「Nachtmusik」,https://www.craftbeer-times.com/ymarket-nachtmusik//,Y.MARKET BREWING「Nachtmusik」 ホッピーなヴァイツェンドッペルボック！,Y.MARKET BREWING「Nachtmusik」 ホッピーなヴァイツェンドッペルボック！,https://www.craftbeer-times.com/wp-content/uploads/2020/03/ymarket-nachtmusik.jpg.webp
74,ベアードビール「ライジングサン ペールエール」,https://www.craftbeer-times.com/bairdbeer-rising-sun-pale-ale//,ベアードビール「ライジングサン ペールエール」毎日でも飲みたい！バランスの取れた旨味のあるペールエール,ベアードビール「ライジングサン ペールエール」毎日でも飲みたい！バランスの取れた旨味のあるペールエール,https://www.craftbeer-times.com/wp-content/uploads/2020/03/bairdbeer-rising-sun-pale-ale.jpg.webp
75,Y.MARKET BREWING「Cloudy Yellow Sky」,https://www.craftbeer-times.com/ymarket-cloudy-yellow-sky//,Y.MARKET BREWING「Cloudy Yellow Sky」 柚子が弾ける！爽やかなニューイングランドIPA！,Y.MARKET BREWING「Cloudy Yellow Sky」 柚子が弾ける！爽やかなニューイングランドIPA！,https://www.craftbeer-times.com/wp-content/uploads/2020/03/ymarket-clowdy-yellow-sky.jpg.webp
76,ベアードビール「スルガベイ インペリアルIPA」,https://www.craftbeer-times.com/bairdbeer-surugabay-imperial-ipa//,ベアードビール「スルガベイ インペリアルIPA」リッチでコク深いパンチの効いたインペリアルIPA,ベアードビール「スルガベイ インペリアルIPA」リッチでコク深いパンチの効いたインペリアルIPA,https://www.craftbeer-times.com/wp-content/uploads/2020/03/bairdbeer-surugabay-imperial-ipa.jpg.webp
77,New Belgium Brewing「Nitro Cold Brew」,https://www.craftbeer-times.com/new-belgium-brewing-nitro-cold-brew//,New Belgium Brewing「Nitro Cold Brew」コールドブリューをブレンドしたスッキリ系のクリームエール,New Belgium Brewing「Nitro Cold Brew」コールドブリューをブレンドしたスッキリ系のクリームエール,https://www.craftbeer-times.com/wp-content/uploads/2020/03/newbelgian-nitro-cold-brew.jpg.webp
78,New Belgium Brewing「Voodoo Ranger Starship IPA」,https://www.craftbeer-times.com/new-belgium-voodoo-ranger-starship-ipa//,New Belgium Brewing「Voodoo Ranger Starship IPA」ギャラクシーホップ使用の宇宙級にホッピーなIPA,New Belgium Brewing「Voodoo Ranger Starship IPA」ギャラクシーホップ使用の宇宙級にホッピーなIPA,https://www.craftbeer-times.com/wp-content/uploads/2020/03/newbelgian-starship-ipa.jpg.webp
79,New Belgium Brewing「Voodoo Ranger Hop Avenger」,https://www.craftbeer-times.com/new-belgium-voodoo-ranger-hop-avenger-ipa//,New Belgium Brewing「Voodoo Ranger Hop Avenger」華やかで苦味が効いたクリアな飲み心地のIPA,New Belgium Brewing「Voodoo Ranger Hop Avenger」華やかで苦味が効いたクリアな飲み心地のIPA,https://www.craftbeer-times.com/wp-content/uploads/2020/02/newbelgian-hop-avenger-ipa.jpg.webp
80,Omnipollo「Noa Pecan Mud Cake」,https://www.craftbeer-times.com/omnipollo-noa-pecan-mud-cake//,Omnipollo「Noa Pecan Mud Cake」ピーカンナッツを使ったお菓子の風味のインペリアルスタウト,Omnipollo「Noa Pecan Mud Cake」ピーカンナッツを使ったお菓子の風味のインペリアルスタウト,https://www.craftbeer-times.com/wp-content/uploads/2020/02/omnipollo-noa-pecan-mud-cake.jpg.webp
81,New Belgium Brewing「Voodoo Ranger American Haze」,https://www.craftbeer-times.com/new-belgium-voodoo-ranger-american-haze//,New Belgium Brewing「Voodoo Ranger American Haze」ほとばしるアメリカンホップの香り！ドライでジューシーなIPA,New Belgium Brewing「Voodoo Ranger American Haze」ほとばしるアメリカンホップの香り！ドライでジューシーなIPA,https://www.craftbeer-times.com/wp-content/uploads/2020/02/newbelgian-american-haze.jpg.webp
82,Omnipollo「Zodiak IPA」,https://www.craftbeer-times.com/omnipollo-zodiak-ipa//,Omnipollo「Zodiak IPA」とにかく香りがヤバイ！脳がとろけるホップフレーバーなIPA,Omnipollo「Zodiak IPA」とにかく香りがヤバイ！脳がとろけるホップフレーバーなIPA,https://www.craftbeer-times.com/wp-content/uploads/2020/02/omnipollo-zodiak-ipa.jpg.webp
83,Y.MARKET BREWING「Yellow Sky Pale Ale」,https://www.craftbeer-times.com/ymarket-yellow-sky-pale-ale//,Y.MARKET BREWING「Yellow Sky Pale Ale」 柚子が口の中であふれるフルーティなペールエール！,Y.MARKET BREWING「Yellow Sky Pale Ale」 柚子が口の中であふれるフルーティなペールエール！,https://www.craftbeer-times.com/wp-content/uploads/2020/02/ymarket-yellow-sky-pale-ale.jpg.webp
84,Omnipollo「Mazarin」,https://www.craftbeer-times.com/omnipollo-mazarin//,Omnipollo「Mazarin」ジューシーでドライなキレ味のヘイジーペールエール,Omnipollo「Mazarin」ジューシーでドライなキレ味のヘイジーペールエール,https://www.craftbeer-times.com/wp-content/uploads/2020/02/omnipollo-mazarin.jpg.webp
85,BrewDog「OverWorks Funk X Punk」,https://www.craftbeer-times.com/brewdog-overworks-funk-x-punk//,BrewDog「OverWorks Funk X Punk」あのパンクIPAを自然発酵！ワイルドさが溢れるブレットIPA,BrewDog「OverWorks Funk X Punk」あのパンクIPAを自然発酵！ワイルドさが溢れるブレットIPA,https://www.craftbeer-times.com/wp-content/uploads/2020/02/brewdog-overworks-funk-x-punk.jpg.webp
86,Lagunitas「Sumpin’ Easy Ale」,https://www.craftbeer-times.com/lagunitas-sumpin-easy//,Lagunitas「Sumpin’ Easy Ale」小麦の優しさとホップの苦味のバランスがとれたペールエール,Lagunitas「Sumpin’ Easy Ale」小麦の優しさとホップの苦味のバランスがとれたペールエール,https://www.craftbeer-times.com/wp-content/uploads/2020/02/lagunitas-sumpin-easy.jpg.webp
87,Fair State「Pahlay」,https://www.craftbeer-times.com/fairstate-pahlay//,Fair State「Pahlay」トロピカル香るちょうどいい飲み心地なヘイジーペールエール,Fair State「Pahlay」トロピカル香るちょうどいい飲み心地なヘイジーペールエール,https://www.craftbeer-times.com/wp-content/uploads/2020/02/fairstate-pahlay.jpg.webp
88,Y.MARKET BREWING「US GOSSIP」,https://www.craftbeer-times.com/ymarket-us-gossip//,Y.MARKET BREWING「US GOSSIP」 ホップの香り豊かな飲みやすいラガービール！,Y.MARKET BREWING「US GOSSIP」 ホップの香り豊かな飲みやすいラガービール！,https://www.craftbeer-times.com/wp-content/uploads/2020/02/Ymarket-US-gossip.jpg.webp
89,Lagunitas「12th of Never」,https://www.craftbeer-times.com/lagunitas-12th-of-never//,Lagunitas「12th of Never」シトラスとトロピカル香るクリーンなペールエール,Lagunitas「12th of Never」シトラスとトロピカル香るクリーンなペールエール,https://www.craftbeer-times.com/wp-content/uploads/2020/02/lagunitas-12th-of-never.jpg.webp
90,スワンレイクビール「インペリアルスタウト」,https://www.craftbeer-times.com/swanlake-imperial-stout//,スワンレイクビール「インペリアルスタウト」限定醸造！圧倒的なロースト香の長期熟成インペリアルスタウト,スワンレイクビール「インペリアルスタウト」限定醸造！圧倒的なロースト香の長期熟成インペリアルスタウト,https://www.craftbeer-times.com/wp-content/uploads/2020/02/swanlake-imperial-stout.jpg.webp
91,Fair State「FSB: 2019 PART 1」,https://www.craftbeer-times.com/fairstate-fsb2019//,Fair State「FSB: 2019 PART 1」焼きマシュマロタルトをイメージ！？お菓子のように濃厚なインペリアルスタウト,Fair State「FSB: 2019 PART 1」焼きマシュマロタルトをイメージ！？お菓子のように濃厚なインペリアルスタウト,https://www.craftbeer-times.com/wp-content/uploads/2020/02/fairstate-FSB2019.jpg.webp
92,Lagunitas「Maximus」,https://www.craftbeer-times.com/lagunitas-maximus//,Lagunitas「Maximus」強い苦味とふくよかなモルト、これぞ王道ダブルIPA！,Lagunitas「Maximus」強い苦味とふくよかなモルト、これぞ王道ダブルIPA！,https://www.craftbeer-times.com/wp-content/uploads/2020/02/lagunitas-maximus.jpg.webp
93,ヤッホーブルーイング「クラフトザウルス　ブラックIPA」,https://www.craftbeer-times.com/yohobrewing-craftsaurus-black-ipa//,ヤッホーブルーイング「クラフトザウルス　ブラックIPA」軽井沢限定！爽やかなのにコク深いブラックIPA,ヤッホーブルーイング「クラフトザウルス　ブラックIPA」軽井沢限定！爽やかなのにコク深いブラックIPA,https://www.craftbeer-times.com/wp-content/uploads/2020/01/yohobrewing-craftsaurus-black-ipa.jpg.webp
94,Fair State「Spirit Foul」,https://www.craftbeer-times.com/fairstate-spirit-foul//,Fair State「Spirit Foul」まるでホップのスムージー！滑らかでトロピカルなヘイジーIPA,Fair State「Spirit Foul」まるでホップのスムージー！滑らかでトロピカルなヘイジーIPA,https://www.craftbeer-times.com/wp-content/uploads/2020/01/fairstate-spirit-foul.jpg.webp
95,Modern Times「Octagon City」,https://www.craftbeer-times.com/modern-times-octagon-city//,Modern Times「Octagon City」ベリーのフレッシュな酸味とモルトが活きたベルリナーヴァイセ,Modern Times「Octagon City」ベリーのフレッシュな酸味とモルトが活きたベルリナーヴァイセ,https://www.craftbeer-times.com/wp-content/uploads/2020/01/moderntimes-octagon-city.jpg.webp
96,ヤッホーブルーイング「クラフトザウルス ペールエール」,https://www.craftbeer-times.com/yohobrewing-craftsaurus-pale-ale//,ヤッホーブルーイング「クラフトザウルス ペールエール」軽井沢限定！クリーンでホッピーなペールエール,ヤッホーブルーイング「クラフトザウルス ペールエール」軽井沢限定！クリーンでホッピーなペールエール,https://www.craftbeer-times.com/wp-content/uploads/2020/01/yohobrewing-craftsaurus-pale-ale.jpg.webp
97,Modern Times「Ice」,https://www.craftbeer-times.com/modern-times-ice//,Modern Times「Ice」みずみずしいフレッシュな香りとクリーンな味わいの爽やかピルスナー,Modern Times「Ice」みずみずしいフレッシュな香りとクリーンな味わいの爽やかピルスナー,https://www.craftbeer-times.com/wp-content/uploads/2020/01/moderntimes-ice.jpg.webp
98,スワンレイクビール「アンバースワンエール」,https://www.craftbeer-times.com/swanlake-amber-swan-ale//,スワンレイクビール「アンバースワンエール」苦味と香ばしさがちょっぴり大人チックなアンバーエール,スワンレイクビール「アンバースワンエール」苦味と香ばしさがちょっぴり大人チックなアンバーエール,https://www.craftbeer-times.com/wp-content/uploads/2020/01/swanlake-amber-swan-ale.jpg.webp
99,Indeed Brewing「Yamma Jamma」,https://www.craftbeer-times.com/indeed-yamma-jamma//,Indeed Brewing「Yamma Jamma」スパイスの甘くスッキリした香りが溢れだすハーベストエール,Indeed Brewing「Yamma Jamma」スパイスの甘くスッキリした香りが溢れだすハーベストエール,https://www.craftbeer-times.com/wp-content/uploads/2020/01/indeed-yamma-jamma.jpg.webp
100,Modern Times「Fortunate Islands」,https://www.craftbeer-times.com/modern-times-fortunate-islands//,Modern Times「Fortunate Islands」アメリカンホップの華やかさと小麦のスムーズさが混じり合うペールエール,Modern Times「Fortunate Islands」アメリカンホップの華やかさと小麦のスムーズさが混じり合うペールエール,https://www.craftbeer-times.com/wp-content/uploads/2020/01/moderntimes-fortunate-islands.jpg.webp
101,BrewDog「Zwickel Helles」,https://www.craftbeer-times.com/brewdog-zwickel-helles//,BrewDog「Zwickel Helles」アメリカンホップが華やかなへレス,BrewDog「Zwickel Helles」アメリカンホップが華やかなへレス,https://www.craftbeer-times.com/wp-content/uploads/2020/01/brewdog-zwickel-helles.jpg.webp
102,Indeed Brewing「Mexican Honey」,https://www.craftbeer-times.com/indeed-mexican-honey//,Indeed Brewing「Mexican Honey」強烈なインパクトのちょっと危ないインペリアルラガー,Indeed Brewing「Mexican Honey」強烈なインパクトのちょっと危ないインペリアルラガー,https://www.craftbeer-times.com/wp-content/uploads/2020/01/indeed-mexican-honey.jpg.webp
103,シエラネバダ「CELEBRATION」,https://www.craftbeer-times.com/sierranevada-celebration//,シエラネバダ「CELEBRATION」フレッシュホップ使用の古き良きアメリカンIPA,シエラネバダ「CELEBRATION」フレッシュホップ使用の古き良きアメリカンIPA,https://www.craftbeer-times.com/wp-content/uploads/2020/01/sierranevada-celebration.jpg.webp
104,サンクトガーレン「スイートバニラスタウト」,https://www.craftbeer-times.com/sanktgallen-sweet-vanilla-stout//,サンクトガーレン「スイートバニラスタウト」バニラの風味に身を纏った甘美なスタウト,サンクトガーレン「スイートバニラスタウト」バニラの風味に身を纏った甘美なスタウト,https://www.craftbeer-times.com/wp-content/uploads/2020/01/sanktgallen-sweet-vanilla-stout.jpg.webp
105,Indeed Brewing「Shenanigans」,https://www.craftbeer-times.com/indeed-shenanigans//,Indeed Brewing「Shenanigans」フレッシュで飲みやすいはちみつレモンなウィートエール,Indeed Brewing「Shenanigans」フレッシュで飲みやすいはちみつレモンなウィートエール,https://www.craftbeer-times.com/wp-content/uploads/2020/01/indeed-shenanigans.jpg.webp
106,gweilo「SKYLINE IPA」,https://www.craftbeer-times.com/gweilo-skyline-ipa//,gweilo「SKYLINE IPA」香港×デンマーク！夢のコラボが生んだすっきりスムースなニューイングランドIPA,gweilo「SKYLINE IPA」香港×デンマーク！夢のコラボが生んだすっきりスムースなニューイングランドIPA,https://www.craftbeer-times.com/wp-content/uploads/2020/01/gweilo-skyline-ipa.jpg.webp
107,BrewDog「Dry-Hopped Dortmunder Export」,https://www.craftbeer-times.com/brewdog-dry-hopped-dortmunder-export//,BrewDog「Dry-Hopped Dortmunder Export」ドイツのモルティとアメリカのホッピーが融合したラガー,BrewDog「Dry-Hopped Dortmunder Export」ドイツのモルティとアメリカのホッピーが融合したラガー,https://www.craftbeer-times.com/wp-content/uploads/2020/01/brewdog-dry-hopped-dortmunder-export.jpg.webp
108,サンクトガーレン「アンバーエール」,https://www.craftbeer-times.com/sanktgallen-amber-ale//,サンクトガーレン「アンバーエール」香ばしさと苦味が心地よいゆったり飲めるアンバーエール,サンクトガーレン「アンバーエール」香ばしさと苦味が心地よいゆったり飲めるアンバーエール,https://www.craftbeer-times.com/wp-content/uploads/2020/01/sanktgallen-amber-ale.jpg.webp
109,gweilo「Session IPA」,https://www.craftbeer-times.com/gweilo-session-ipa//,gweilo「Session IPA」超軽やか！どんなシーンでも活躍すること間違いなしのセッションIPA,gweilo「Session IPA」超軽やか！どんなシーンでも活躍すること間違いなしのセッションIPA,https://www.craftbeer-times.com/wp-content/uploads/2020/01/gweilo-session-ipa.jpg.webp
110,志賀高原ビール「一切皆苦」,https://www.craftbeer-times.com/sigakogen-issaikaiku//,志賀高原ビール「一切皆苦」ホッピーでモルティーだけど絶妙に軽やかな15周年記念IPA,志賀高原ビール「一切皆苦」ホッピーでモルティーだけど絶妙に軽やかな15周年記念IPA,https://www.craftbeer-times.com/wp-content/uploads/2020/01/sigakogen-issaikaiku.jpg.webp
111,サンクトガーレン「ゴールデンエール」,https://www.craftbeer-times.com/sanktgallen-golden-ale//,サンクトガーレン「ゴールデンエール」軽やかだけどしっかり苦いバランス抜群なゴールデンエール,サンクトガーレン「ゴールデンエール」軽やかだけどしっかり苦いバランス抜群なゴールデンエール,https://www.craftbeer-times.com/wp-content/uploads/2019/12/sanktgallen-golden-ale.jpg.webp
112,gweilo「Pale Ale」,https://www.craftbeer-times.com/gweilo-pale-ale//,gweilo「Pale Ale」クリアな香りと飲み心地！おかわり必須のペールエール,gweilo「Pale Ale」クリアな香りと飲み心地！おかわり必須のペールエール,https://www.craftbeer-times.com/wp-content/uploads/2019/12/gweilo-pale-ale.jpg.webp
113,ヤッホーブルーイング「東京ブラック」,https://www.craftbeer-times.com/yohobrewing-tokyo-black//,ヤッホーブルーイング「東京ブラック」は黒ビールの魅力が詰まったリッチで横綱級なポーター,ヤッホーブルーイング「東京ブラック」は黒ビールの魅力が詰まったリッチで横綱級なポーター,https://www.craftbeer-times.com/wp-content/uploads/2019/12/yohobrewing-tokyo-black.jpg.webp
114,富士桜高原麦酒「ヴァイツェン」,https://www.craftbeer-times.com/fuji-zakura-weizen//,富士桜高原麦酒「ヴァイツェン」濃厚なバナナの香りと小麦の柔らかさが溢れるヴァイツェン,富士桜高原麦酒「ヴァイツェン」濃厚なバナナの香りと小麦の柔らかさが溢れるヴァイツェン,https://www.craftbeer-times.com/wp-content/uploads/2019/12/fuji-zakura-weizen.jpg.webp
115,Belching Beaver「Me So Honey Blonde」,https://www.craftbeer-times.com/belchingbeaver-honey-blonde//,Belching Beaver「Me So Honey Blonde」モルトの甘味を蜂蜜が引き立てるゴールデンエール,Belching Beaver「Me So Honey Blonde」モルトの甘味を蜂蜜が引き立てるゴールデンエール,https://www.craftbeer-times.com/wp-content/uploads/2019/12/belchingbeaver-honey-blonde.jpg.webp
116,Belching Beaver「Buenos Tiempos」,https://www.craftbeer-times.com/belchingbeaver-buenos-tiempos//,Belching Beaver「Buenos Tiempos」飲みやすいだけじゃない！しっかりモルトのコクが立ったメキシカンラガー,Belching Beaver「Buenos Tiempos」飲みやすいだけじゃない！しっかりモルトのコクが立ったメキシカンラガー,https://www.craftbeer-times.com/wp-content/uploads/2019/12/belchingbeaver-buenos-tiempos.jpg.webp
117,胎内高原ビール「シトラヴァイツェン」,https://www.craftbeer-times.com/tainaikogen-citra-weizen//,胎内高原ビール「シトラヴァイツェン」柑橘の香りと強い苦みのヴァイツェン,胎内高原ビール「シトラヴァイツェン」柑橘の香りと強い苦みのヴァイツェン,https://www.craftbeer-times.com/wp-content/uploads/2019/12/tainaikogen-citra-weizen.jpg.webp
118,Belching Beaver「Here Comes Mango IPA」,https://www.craftbeer-times.com/belchingbeaver-mango-ipa//,Belching Beaver「Here Comes Mango IPA」トロピカルだけどしっかり苦い！！ユニークなマンゴーIPA,Belching Beaver「Here Comes Mango IPA」トロピカルだけどしっかり苦い！！ユニークなマンゴーIPA,https://www.craftbeer-times.com/wp-content/uploads/2019/12/belchingbeaver-mango-ipa.jpg.webp
119,Belching Beaver「Digital Bath IPA」,https://www.craftbeer-times.com/belching-beaver-digital-bath-ipa//,Belching Beaver「Digital Bath IPA」トロピカルでパイニーなヘイジーIPA,Belching Beaver「Digital Bath IPA」トロピカルでパイニーなヘイジーIPA,https://www.craftbeer-times.com/wp-content/uploads/2019/12/belchingbeaver-digital-bath.jpg.webp
120,Belching Beaver「Hop Highway IPA」,https://www.craftbeer-times.com/belchingbeaver-hop-highway-ipa//,Belching Beaver「Hop Highway IPA」突き抜けるホップの香りと苦味！巧みなバランスのウエストコーストIPA,Belching Beaver「Hop Highway IPA」突き抜けるホップの香りと苦味！巧みなバランスのウエストコーストIPA,https://www.craftbeer-times.com/wp-content/uploads/2019/12/belchingbeaver-hop-highway-ipa.jpg.webp
121,Karl Strauss「アイソメライザーIPA」,https://www.craftbeer-times.com/karlstrauss-isomerizer-ipa//,Karl Strauss「アイソメライザーIPA」モザイクホップのみで造られたビール！,Karl Strauss「アイソメライザーIPA」モザイクホップのみで造られたビール！,https://www.craftbeer-times.com/wp-content/uploads/2019/12/karlstrauss-isomerizer-ipa.jpg.webp
122,Y.MARKET BREWING 「パープルスカイペールエール」,https://www.craftbeer-times.com/ymarket-purplesky-paleale//,Y.MARKET BREWING 「パープルスカイペールエール」ボディはライトだが、ホップはヘビー級なペールエール,Y.MARKET BREWING 「パープルスカイペールエール」ボディはライトだが、ホップはヘビー級なペールエール,https://www.craftbeer-times.com/wp-content/uploads/2019/12/ymarket-purplesky-paleale.jpg.webp
123,スワンレイクビール「ヴァイツェン」,https://www.craftbeer-times.com/swanlake-weizen//,スワンレイクビール「ヴァイツェン」キリッと爽やか！飲みやすさ抜群のヴァイツェン,スワンレイクビール「ヴァイツェン」キリッと爽やか！飲みやすさ抜群のヴァイツェン,https://www.craftbeer-times.com/wp-content/uploads/2019/12/swanlake-weizen.jpg.webp
124,BrewDog「QUENCH QUAKE」,https://www.craftbeer-times.com/brewdog-quench-quanke//,BrewDog「QUENCH QUAKE」もはや生搾りフルーツジュース！？でもしっかりビールなフルーツサワー,BrewDog「QUENCH QUAKE」もはや生搾りフルーツジュース！？でもしっかりビールなフルーツサワー,https://www.craftbeer-times.com/wp-content/uploads/2019/12/brewdog-quench-quanke.jpg.webp
125,Y.MARKET BREWING「ヒステリックIPA」,https://www.craftbeer-times.com/ymarket-hysteric-ipa//,Y.MARKET BREWING「ヒステリックIPA」クリーンな苦みと華やかなホップがウマすぎるアメリカンIPA,Y.MARKET BREWING「ヒステリックIPA」クリーンな苦みと華やかなホップがウマすぎるアメリカンIPA,https://www.craftbeer-times.com/wp-content/uploads/2019/12/ymarket-hysteric-ipa.jpg.webp
126,箕面ビール「スタウト」,https://www.craftbeer-times.com/minoh-stout//,箕面ビール「スタウト」黒ビール好きは絶対に外せない！世界が認めたスタウト,箕面ビール「スタウト」黒ビール好きは絶対に外せない！世界が認めたスタウト,https://www.craftbeer-times.com/wp-content/uploads/2019/12/minoh-stout.jpg.webp
127,常陸野ネストビール「セゾン・ドゥ・ジャポン」,https://www.craftbeer-times.com/nestbeer-saison-du-japon//,常陸野ネストビール「セゾン・ドゥ・ジャポン」柚子と米麹が決め手！和のテイスト溢れるユニークなセゾン,常陸野ネストビール「セゾン・ドゥ・ジャポン」柚子と米麹が決め手！和のテイスト溢れるユニークなセゾン,https://www.craftbeer-times.com/wp-content/uploads/2019/12/nestbeer-saison-du-japon.jpg.webp
128,富士桜高原麦酒「ドラゴンモザイク」,https://www.craftbeer-times.com/fujizakura-dragonmosaic//,富士桜高原麦酒「ドラゴンモザイク」ヴァイツェン×シトラホップ！まろやかで飲みごたえのある限定ヴァイツェン,富士桜高原麦酒「ドラゴンモザイク」ヴァイツェン×シトラホップ！まろやかで飲みごたえのある限定ヴァイツェン,https://www.craftbeer-times.com/wp-content/uploads/2019/12/fujizakura-dragonmosaic.jpg.webp
129,グランドキリン オレンジIPA,https://www.craftbeer-times.com/grandkirin-orange-ipa//,グランドキリン オレンジIPA 冬キラキラ 冬にじっくり楽しむほろ苦いオレンジIPA！,グランドキリン オレンジIPA 冬キラキラ 冬にじっくり楽しむほろ苦いオレンジIPA！,https://www.craftbeer-times.com/wp-content/uploads/2019/12/grandkirin-orange-ipa.jpg.webp
130,ヴェルハーゲ醸造所「ドゥシャス・デ・ブルゴーニュ」,https://www.craftbeer-times.com/douchesse-de-bourgogne//,ヴェルハーゲ醸造所「ドゥシャス・デ・ブルゴーニュ」複雑な酸味と甘み！ベルギー伝統のレッドエール,ヴェルハーゲ醸造所「ドゥシャス・デ・ブルゴーニュ」複雑な酸味と甘み！ベルギー伝統のレッドエール,https://www.craftbeer-times.com/wp-content/uploads/2019/12/douchesse-de-bourgogne.jpg.webp
131,ヴァン・ホンスブルック醸造所「グーズ フォン トラディション」,https://www.craftbeer-times.com/gueuze-fond-tradition//,ヴァン・ホンスブルック醸造所「グーズ フォン トラディション」旨味を纏った強烈な酸味！ベルギーの自然発酵ビール,ヴァン・ホンスブルック醸造所「グーズ フォン トラディション」旨味を纏った強烈な酸味！ベルギーの自然発酵ビール,https://www.craftbeer-times.com/wp-content/uploads/2019/12/gueuze-fond-tradition.jpg.webp
132,箕面ビール「ヴァイツェン」,https://www.craftbeer-times.com/minoh-weizen//,箕面ビール「ヴァイツェン」小麦の優しさに包まれる癒しのヴァイツェン,箕面ビール「ヴァイツェン」小麦の優しさに包まれる癒しのヴァイツェン,https://www.craftbeer-times.com/wp-content/uploads/2019/12/minoh-weizen.jpg.webp
133,New Belgium Brewing「Voodoo Ranger Juicy Haze IPA」,https://www.craftbeer-times.com/new-belgium-brewing-voodoo-ranger-juicy-haze//,New Belgium Brewing「Voodoo Ranger Juicy Haze IPA」デイリー飲みにおススメ！安定のヘイジーIPA,New Belgium Brewing「Voodoo Ranger Juicy Haze IPA」デイリー飲みにおススメ！安定のヘイジーIPA,https://www.craftbeer-times.com/wp-content/uploads/2019/11/newbelgium-voodooranger-jucyhaze-ipa.jpg.webp
134,Mikkeller「ヘンリー＆サリーIPA」,https://www.craftbeer-times.com/mikkeler-henry-and-sally-ipa//,Mikkeller「ヘンリー＆サリーIPA」松の風味がたまらない！ホップてんこ盛りなIPA,Mikkeller「ヘンリー＆サリーIPA」松の風味がたまらない！ホップてんこ盛りなIPA,https://www.craftbeer-times.com/wp-content/uploads/2019/11/mikkeler-henry-and-sally-ipa.jpg.webp
135,New Belgium Brewing「Voodoo Ranger IPA」,https://www.craftbeer-times.com/new-belgium-voodoo-ranger-ipa//,New Belgium Brewing「Voodoo Ranger IPA」ホップにフィーチャーした人気シリーズの新定番IPA,New Belgium Brewing「Voodoo Ranger IPA」ホップにフィーチャーした人気シリーズの新定番IPA,https://www.craftbeer-times.com/wp-content/uploads/2019/11/newbelgium-voodoo-ranger-IPA.jpg.webp
136,箕面ビール「ピルスナー」,https://www.craftbeer-times.com/minoh-pilsner//,箕面ビール「ピルスナー」柔らかなモルトに癒されるボヘミアンピルスナー,箕面ビール「ピルスナー」柔らかなモルトに癒されるボヘミアンピルスナー,https://www.craftbeer-times.com/wp-content/uploads/2019/11/minoh-pilsner.jpg.webp
137,Mikkeller「ビアギーク ココアシェイク」,https://www.craftbeer-times.com/mikkeler-beer-geek-cocoa//,Mikkeller「ビアギーク ココアシェイク」まるで大人のチョコシェイク！？超濃厚なインペリアルスタウト,Mikkeller「ビアギーク ココアシェイク」まるで大人のチョコシェイク！？超濃厚なインペリアルスタウト,https://www.craftbeer-times.com/wp-content/uploads/2019/11/mikkeler-beer-geek-cocoa.jpg.webp
138,Upslope「2019 Experimental IPA」,https://www.craftbeer-times.com/upslope-2019-experimental-ipa//,Upslope「2019 Experimental IPA」ホッピーで苦い！ホップの研究の成果が詰まったIPA,Upslope「2019 Experimental IPA」ホッピーで苦い！ホップの研究の成果が詰まったIPA,https://www.craftbeer-times.com/wp-content/uploads/2019/11/upslope-experimental-ipa.jpg.webp
139,Upslope「Sparkling Rose IPA」,https://www.craftbeer-times.com/upslope-sparkling-rose-ipa//,Upslope「Sparkling Rose IPA」ビーツ果汁の鮮やかなピンク色が映えるロゼIPA,Upslope「Sparkling Rose IPA」ビーツ果汁の鮮やかなピンク色が映えるロゼIPA,https://www.craftbeer-times.com/wp-content/uploads/2019/11/upslope-sparkling-rose-ipa.jpg.webp
140,Upslope「Craft Lager」,https://www.craftbeer-times.com/upslope-craft-lager//,Upslope「Craft Lager」どんなシーンにも寄り添えるイージードリンキングなラガービール,Upslope「Craft Lager」どんなシーンにも寄り添えるイージードリンキングなラガービール,https://www.craftbeer-times.com/wp-content/uploads/2019/11/upslope-craft-lager.jpg.webp
141,Upslope「Tea Shandy」,https://www.craftbeer-times.com/upslope-tea-shandy//,Upslope「Tea Shandy」まるごとレモンピューレとオーガニック紅茶を使ったフレッシュなビール,Upslope「Tea Shandy」まるごとレモンピューレとオーガニック紅茶を使ったフレッシュなビール,https://www.craftbeer-times.com/wp-content/uploads/2019/11/upslope-tea-shandy-1360x960.jpg.webp
142,Upslope「Rocky Mountain Kolsch」,https://www.craftbeer-times.com/upslope-rocky-mountain-kolsch//,Upslope「Rocky Mountain Kolsch」コロラド州の恵みを感じられる個性派ケルシュ,Upslope「Rocky Mountain Kolsch」コロラド州の恵みを感じられる個性派ケルシュ,https://www.craftbeer-times.com/wp-content/uploads/2019/11/upslope-rocky-mountain-kolsch-1360x960.jpg.webp
143,ライディーンビール「ポーター」,https://www.craftbeer-times.com/rydeen-porter//,ライディーンビール「ポーター」アイスコーヒー級の飲みやすさの冬季限定黒ビール,ライディーンビール「ポーター」アイスコーヒー級の飲みやすさの冬季限定黒ビール,https://www.craftbeer-times.com/wp-content/uploads/2019/11/rydeen-porter-1360x960.jpg.webp
144,Karl Strauss「Mosaic Session」,https://www.craftbeer-times.com/karl-strauss-mosaic-session//,Karl Strauss「Mosaic Session」モザイクホップの個性溢れるセッションIPA,Karl Strauss「Mosaic Session」モザイクホップの個性溢れるセッションIPA,https://www.craftbeer-times.com/wp-content/uploads/2019/11/karlstrauss-mosaic-ipa-1360x960.jpg.webp
145,Pizza Port「Ponto Sessionable IPA」,https://www.craftbeer-times.com/pizzaport-pont-sessionable-ipa//,Pizza Port「Ponto Sessionable IPA」軽やか！でも苦い！気軽に飲めるセッションIPA,Pizza Port「Ponto Sessionable IPA」軽やか！でも苦い！気軽に飲めるセッションIPA,https://www.craftbeer-times.com/wp-content/uploads/2019/11/pizzaport-pont-sessionable-ipa-1360x960.jpg.webp
146,Karl Strauss「Aurora Hoppyalis IPA」,https://www.craftbeer-times.com/karlstrauss-aurora-hoppyalis-ipa//,Karl Strauss「Aurora Hoppyalis IPA」ホップの3大アロマのバランスが絶妙な爽やかIPA！,Karl Strauss「Aurora Hoppyalis IPA」ホップの3大アロマのバランスが絶妙な爽やかIPA！,https://www.craftbeer-times.com/wp-content/uploads/2019/10/karlstrauss-aurora-hoppyalis-ipa-1360x960.jpg.webp
147,「僕ビール、君ビール。屋上のジョン」,https://www.craftbeer-times.com/bokukimi-okujo-no-john//,「僕ビール、君ビール。屋上のジョン」ベルジャン酵母とホップが香る限定ペールエール,「僕ビール、君ビール。屋上のジョン」ベルジャン酵母とホップが香る限定ペールエール,https://www.craftbeer-times.com/wp-content/uploads/2019/10/bokukimi-okujo-no-john-1360x960.jpg.webp
148,Pizza Port「スワミズIPA」,https://www.craftbeer-times.com/pizza-port-swamisipa//,Pizza Port「スワミズIPA」ピザ屋が製造するアメリカンな正統派IPA！,Pizza Port「スワミズIPA」ピザ屋が製造するアメリカンな正統派IPA！,https://www.craftbeer-times.com/wp-content/uploads/2019/10/pizzaport_swamisipa-1360x960.jpg.webp
149,Revision Brewing「プラネタリーフォグ」,https://www.craftbeer-times.com/revision-brewing-planetaryfog//,Revision Brewing「プラネタリーフォグ」溢れ出るホップのトロピカルフレーバー,Revision Brewing「プラネタリーフォグ」溢れ出るホップのトロピカルフレーバー,https://www.craftbeer-times.com/wp-content/uploads/2019/10/revision-planetaryfog-1360x960.jpg.webp
150,Revision Brewing「シトラスラム」,https://www.craftbeer-times.com/revision-brewing-citruslam//,Revision Brewing「シトラスラム」シトラホップの衝撃を味わえ！,Revision Brewing「シトラスラム」シトラホップの衝撃を味わえ！,https://www.craftbeer-times.com/wp-content/uploads/2019/10/revision-citruslam-1360x960.jpg.webp
151,エチゴビール「紅茶香る インディアペールエール」,https://www.craftbeer-times.com/echigo-blacktea-ipa//,エチゴビール「紅茶香る インディアペールエール」限定醸造！今年の秋は紅茶のIPAをお供に楽しもう！,エチゴビール「紅茶香る インディアペールエール」限定醸造！今年の秋は紅茶のIPAをお供に楽しもう！,https://www.craftbeer-times.com/wp-content/uploads/2019/10/echigo-blackteaipa-1360x960.jpg.webp
152,Stone Brewing 「Enter Night PIlsner」,https://www.craftbeer-times.com/stone-brewing-enter-night-pilsner//,Stone Brewing 「Enter Night PIlsner」メタルバンドとコラボ！？爽やかだけどガッツリ系なピルスナー,Stone Brewing 「Enter Night PIlsner」メタルバンドとコラボ！？爽やかだけどガッツリ系なピルスナー,https://www.craftbeer-times.com/wp-content/uploads/2019/10/stone_enter_night-1360x960.jpeg.webp
153,Stone Brewing「Fear.Movie.Lions Double IPA」,https://www.craftbeer-times.com/stone-brewing-fear-movie-lions-double-ipa//,Stone Brewing「Fear.Movie.Lions Double IPA」ジューシーだけどしっかり苦い濁りIPA！,Stone Brewing「Fear.Movie.Lions Double IPA」ジューシーだけどしっかり苦い濁りIPA！,https://www.craftbeer-times.com/wp-content/uploads/2019/10/stone_fear_movie_lions-1360x960.jpeg.webp
154,Stone Brewing「Tangerine Express IPA」,https://www.craftbeer-times.com/stone-tangerine-express-ipa//,Stone Brewing「Tangerine Express IPA」タンジェリンをたっぷり使ったフレッシュIPA,Stone Brewing「Tangerine Express IPA」タンジェリンをたっぷり使ったフレッシュIPA,https://www.craftbeer-times.com/wp-content/uploads/2019/10/stone_tangerine_express_ipa-1360x960.jpg.webp
155,サンフーヤン醸造所「トリペル」,https://www.craftbeer-times.com/stfeuillien-tripel//,サンフーヤン醸造所「トリペル」リッチな香りと上質な味わいのトリプルエール,サンフーヤン醸造所「トリペル」リッチな香りと上質な味わいのトリプルエール,https://www.craftbeer-times.com/wp-content/uploads/2019/10/stfeuillien-tripel-1360x960.jpeg.webp
156,サンフーヤン醸造所「ブロンド」,https://www.craftbeer-times.com/stfeuillien-blond//,サンフーヤン醸造所「ブロンド」フレッシュな風味の爽やかベルギービール,サンフーヤン醸造所「ブロンド」フレッシュな風味の爽やかベルギービール,https://www.craftbeer-times.com/wp-content/uploads/2019/10/stfeuillien-blond-1360x960.jpeg.webp
157,「ピルスナー・ウルケル」,https://www.craftbeer-times.com/pilsnerurquel//,「ピルスナー・ウルケル」すべてのピルスナーはこの1本から始まった,「ピルスナー・ウルケル」すべてのピルスナーはこの1本から始まった,https://www.craftbeer-times.com/wp-content/uploads/2019/10/pilsnerurquel-1360x960.jpg.webp
158,サンフーヤン醸造所「ブリューン」,https://www.craftbeer-times.com/stfeuillien-bruin//,サンフーヤン醸造所「ブリューン」奥深いコクのある修道院ビール,サンフーヤン醸造所「ブリューン」奥深いコクのある修道院ビール,https://www.craftbeer-times.com/wp-content/uploads/2019/10/stfeuillien-bruin-1360x960.jpeg.webp
159,New Belgium Brewing「Fat Tire Belgian White」,https://www.craftbeer-times.com/fat-tire-belgian-white//,New Belgium Brewing「Fat Tire Belgian White」やさしさ溢れるベルジャンホワイト,New Belgium Brewing「Fat Tire Belgian White」やさしさ溢れるベルジャンホワイト,https://www.craftbeer-times.com/wp-content/uploads/2019/09/newbelgian_fattire_belgianwhite-1360x960.jpeg.webp
160,オルヴァル,https://www.craftbeer-times.com/orval//,「オルヴァル」複雑な香りと刺激的な苦味を感じるトラピストビール,「オルヴァル」複雑な香りと刺激的な苦味を感じるトラピストビール,https://www.craftbeer-times.com/wp-content/uploads/2019/09/orval-1360x960.jpg.webp
161,ライディーンビール「アルト」,https://www.craftbeer-times.com/rydeenbeer-alt//,ライディーンビール「アルト」穏やかなコクをゆっくり楽しむ大人なビール,ライディーンビール「アルト」穏やかなコクをゆっくり楽しむ大人なビール,https://www.craftbeer-times.com/wp-content/uploads/2019/09/rydeen-alt-1360x960.jpg.webp
162,ギルガメッシュ「ダグ・フェロウシャス」,https://www.craftbeer-times.com/gilgamesh-wipa//,ギルガメッシュ「ダグ・フェロウシャス」アメリカが本気を出した衝撃の苦みと馨しいモルトのダブルIPA！,ギルガメッシュ「ダグ・フェロウシャス」アメリカが本気を出した衝撃の苦みと馨しいモルトのダブルIPA！,https://www.craftbeer-times.com/wp-content/uploads/2019/09/gilgamesh-wipa-1360x960.jpg.webp
163,New Belgium Brewing「Fat Tire」,https://www.craftbeer-times.com/new-belgium-brewing-fat-tire//,New Belgium Brewing「Fat Tire」全米に愛されるドリンカビリティ高めなアンバーエール,New Belgium Brewing「Fat Tire」全米に愛されるドリンカビリティ高めなアンバーエール,https://www.craftbeer-times.com/wp-content/uploads/2019/09/fattire-1360x960.jpg.webp
164,志賀高原ビール「其の十」,https://www.craftbeer-times.com/shigakogen-sonoju//,志賀高原ビール「其の十」10周年記念にふさわしいインペリアルIPA,志賀高原ビール「其の十」10周年記念にふさわしいインペリアルIPA,https://www.craftbeer-times.com/wp-content/uploads/2019/09/shigakogen-sonoju-1360x960.jpeg.webp
165,スワンレイクビール「ポーター」,https://www.craftbeer-times.com/swanlake-porter//,スワンレイクビール「ポーター」確かな実力の気品あふれる黒ビール,スワンレイクビール「ポーター」確かな実力の気品あふれる黒ビール,https://www.craftbeer-times.com/wp-content/uploads/2019/09/swanlake-porter-1360x960.jpg.webp
166,シエラネバダ「トルピード」,https://www.craftbeer-times.com/sierranevada-torpedo//,シエラネバダ「トルピード」ボリューム満点のがっつりIPA！,シエラネバダ「トルピード」ボリューム満点のがっつりIPA！,https://www.craftbeer-times.com/wp-content/uploads/2019/09/sierranevada-torpedo-1360x960.jpg.webp
167,志賀高原ビール「ベイビーブロンドミヤマ」,https://www.craftbeer-times.com/shigakogen-baby-blonde-miyama//,志賀高原ビール「ベイビーブロンドミヤマ」するどいキレ味の日本式セゾン,志賀高原ビール「ベイビーブロンドミヤマ」するどいキレ味の日本式セゾン,https://www.craftbeer-times.com/wp-content/uploads/2019/09/shigakogen-baby-blonde-miyama-1360x960.jpg.webp
168,Lagunitas「リトルサンピン サンピンエール」,https://www.craftbeer-times.com/lagunitas-sumpinale//,Lagunitas「リトルサンピン サンピンエール」柔らかな甘味とホッピーや爽快感！,Lagunitas「リトルサンピン サンピンエール」柔らかな甘味とホッピーや爽快感！,https://www.craftbeer-times.com/wp-content/uploads/2019/09/lagunitas-sumpinale-1360x960.jpeg.webp
169,うちゅうブルーイング「BLACK HOLE」,https://www.craftbeer-times.com/uchubrewing-black-hole//,うちゅうブルーイング「BLACK HOLE」ジューシー×ウエストコーストな良いとこどりのIPA！,うちゅうブルーイング「BLACK HOLE」ジューシー×ウエストコーストな良いとこどりのIPA！,https://www.craftbeer-times.com/wp-content/uploads/2019/09/uchu-blackhole-1360x960.jpg.webp
170,スワンレイクビール「ゴールデンエール」,https://www.craftbeer-times.com/swanlake-goldenale//,スワンレイクビール「ゴールデンエール」カジュアル飲みに最適なスカッと爽快なゴールデンエール！,スワンレイクビール「ゴールデンエール」カジュアル飲みに最適なスカッと爽快なゴールデンエール！,https://www.craftbeer-times.com/wp-content/uploads/2019/09/swanlake-goldenale-1360x960.jpg.webp
171,「Innovative Brewer SORACHI1984 DOUBLE」,https://www.craftbeer-times.com/innovative-brewer-sorachi1984-double//,「Innovative Brewer SORACHI1984 DOUBLE」飲むソラチエース！？強烈なヒノキとレモングラスの香り！,「Innovative Brewer SORACHI1984 DOUBLE」飲むソラチエース！？強烈なヒノキとレモングラスの香り！,https://www.craftbeer-times.com/wp-content/uploads/2019/09/img_sorachi_double-1360x960.jpg.webp
172,志賀高原ビール「インディアン サマーセゾン」,https://www.craftbeer-times.com/shigakougen-indian-summer-saison//,志賀高原ビール「インディアン サマーセゾン」ホップとセゾン酵母が織りなす豊かな香りと味わい,志賀高原ビール「インディアン サマーセゾン」ホップとセゾン酵母が織りなす豊かな香りと味わい,https://www.craftbeer-times.com/wp-content/uploads/2019/08/shigakougen-indian-summer-saison-1360x960.jpg.webp
173,「Innovative Brewer SORACHI1984 SESSION」,https://www.craftbeer-times.com/innovative-brewer-sorachi1984-session//,「Innovative Brewer SORACHI1984 SESSION」ソラチエースとモザイクホップの融合！,「Innovative Brewer SORACHI1984 SESSION」ソラチエースとモザイクホップの融合！,https://www.craftbeer-times.com/wp-content/uploads/2019/08/sorachi_session-1360x960.jpg.webp
174,「Innovative Brewer SORACHI1984 AMARILLO」,https://www.craftbeer-times.com/innovative-brewer-sorachi1984-amarillo//,「Innovative Brewer SORACHI1984 AMARILLO」アマリロホップ主体のオレンジ香る甘美な味わい。,「Innovative Brewer SORACHI1984 AMARILLO」アマリロホップ主体のオレンジ香る甘美な味わい。,https://www.craftbeer-times.com/wp-content/uploads/2019/08/sorachi_amarillo-1360x960.jpg.webp
175,ギルガメッシュ「HAZY IPA」,https://www.craftbeer-times.com/gilgamesh-hazy-ipa//,ギルガメッシュ「HAZY IPA」ソフトな口当たりでジューシーなIPA！,ギルガメッシュ「HAZY IPA」ソフトな口当たりでジューシーなIPA！,https://www.craftbeer-times.com/wp-content/uploads/2019/08/gilgamesh-hazy-ipa-1360x961.jpg.webp
176,スワンレイクビール「越乃米こしひかり仕込みビール」,https://www.craftbeer-times.com/swanlake-koshihikari//,スワンレイクビール「越乃米こしひかり仕込みビール」すっきり爽快！のどごしすっきりなライスラガー,スワンレイクビール「越乃米こしひかり仕込みビール」すっきり爽快！のどごしすっきりなライスラガー,https://www.craftbeer-times.com/wp-content/uploads/2019/08/swanlake_koshihikari-1360x960.jpg.webp
177,シエラネバダ「トロピカル トルピード」,https://www.craftbeer-times.com/sierra-tropicaltorpedo-ipa//,シエラネバダ「トロピカル トルピード」バカンス気分を味わえるトロピカルなIPA,シエラネバダ「トロピカル トルピード」バカンス気分を味わえるトロピカルなIPA,https://www.craftbeer-times.com/wp-content/uploads/2019/08/sierra-tropicaltorpedo-ipa-1360x960.jpeg.webp
178,「ロングボード アイランドラガー」,https://www.craftbeer-times.com/kona-longboard//,「ロングボード アイランドラガー」はワイキキビーチで波に乗った後の至極の一杯！？,「ロングボード アイランドラガー」はワイキキビーチで波に乗った後の至極の一杯！？,https://www.craftbeer-times.com/wp-content/uploads/2019/08/kona-longboard-1360x960.jpeg.webp
179,エチゴビール「ビアブロンド」,https://www.craftbeer-times.com/echigo-beerbrond//,エチゴビール「ビアブロンド」気品溢れる上質なペールエール,エチゴビール「ビアブロンド」気品溢れる上質なペールエール,https://www.craftbeer-times.com/wp-content/uploads/2019/08/echigo-beerbrond-1360x960.jpg.webp
180,ライディーンビール「ピルスナー」,https://www.craftbeer-times.com/rydeenbeer-pilsner//,ライディーンビール「ピルスナー」日本酒蔵が醸すやわらかな味わいのピルスナー,ライディーンビール「ピルスナー」日本酒蔵が醸すやわらかな味わいのピルスナー,https://www.craftbeer-times.com/wp-content/uploads/2019/08/rydeenbeer-pilsner-1360x960.jpg.webp
181,鮮烈な苦味と柑橘の香り「長浜IPAスペシャル」,https://www.craftbeer-times.com/nagahama-ipa//,鮮烈な苦味と柑橘の香り「長浜IPAスペシャル」で夏に刺激を！,鮮烈な苦味と柑橘の香り「長浜IPAスペシャル」で夏に刺激を！,https://www.craftbeer-times.com/wp-content/uploads/2019/07/nagahama-ipa-1360x960.jpg.webp
182,ベアードビール「クールブリーズ ピルス」,https://www.craftbeer-times.com/bairdbeer-beard-pils//,ベアードビール「クールブリーズ ピルス」苦味・キレ・口当たりのバランスが最高！,ベアードビール「クールブリーズ ピルス」苦味・キレ・口当たりのバランスが最高！,https://www.craftbeer-times.com/wp-content/uploads/2019/07/beard_pils-1360x960.jpg.webp
183,ヤッホーブルーイング「よなよなエール」,https://www.craftbeer-times.com/yonayonaale//,ヤッホーブルーイング「よなよなエール」ペールエールの日本代表！,ヤッホーブルーイング「よなよなエール」ペールエールの日本代表！,https://www.craftbeer-times.com/wp-content/uploads/2019/07/yonayonaale-1360x960.jpg.webp
184,エチゴビール「SOMETIMES BREWS」,https://www.craftbeer-times.com/sometimes-brews//,エチゴビール「SOMETIMES BREWS」ホップの効いたアメリカンなウィートエール！,エチゴビール「SOMETIMES BREWS」ホップの効いたアメリカンなウィートエール！,https://www.craftbeer-times.com/wp-content/uploads/2019/07/sometimesbrews-1360x960.jpg.webp
185,小樽ビールの「ドンケル」,https://www.craftbeer-times.com/otaru-dunkel//,小樽ビールの「ドンケル」で体に優しい無添加ビールを味わおう！,小樽ビールの「ドンケル」で体に優しい無添加ビールを味わおう！,https://www.craftbeer-times.com/wp-content/uploads/2019/07/otaru-dunkel-1360x960.jpg.webp
186,箕面ビール「W-IPA」,https://www.craftbeer-times.com/minoh-w-ipa//,ガツン系の人必見！箕面ビールの「W-IPA」で苦味にノックアウト！,ガツン系の人必見！箕面ビールの「W-IPA」で苦味にノックアウト！,https://www.craftbeer-times.com/wp-content/uploads/2019/07/w-ipa-1360x960.jpg.webp
187,富士桜高原麦酒「シュヴァルツ ヴァイツェン」,https://www.craftbeer-times.com/fuji-zakura-schwarzweizen//,富士桜高原麦酒「シュヴァルツ ヴァイツェン」で醸造家のこだわりを垣間見る,富士桜高原麦酒「シュヴァルツ ヴァイツェン」で醸造家のこだわりを垣間見る,https://www.craftbeer-times.com/wp-content/uploads/2019/07/fjk_schwarzweizen-1360x960.jpeg.webp
188,シエラネバダ「ペールエール」,https://www.craftbeer-times.com/sierranevada-paleale//,シエラネバダ「ペールエール」はアメリカンペールエールを語るうえでは外せない！,シエラネバダ「ペールエール」はアメリカンペールエールを語るうえでは外せない！,https://www.craftbeer-times.com/wp-content/uploads/2019/07/sierranevada_pale_ale-1360x960.jpg.webp
189,常陸野ネストビール「だいだいエール」,https://www.craftbeer-times.com/nestbeer-daidaiale//,常陸野ネストビール「だいだいエール」オレンジ香るふくよかなIPA,常陸野ネストビール「だいだいエール」オレンジ香るふくよかなIPA,https://www.craftbeer-times.com/wp-content/uploads/2019/07/nest-daidaale-1360x960.jpg.webp
190,常陸野ネストビール「ペールエール」,https://www.craftbeer-times.com/nestbeer-paleale//,常陸野ネストビール「ペールエール」香りがずっと美味しい！,常陸野ネストビール「ペールエール」香りがずっと美味しい！,https://www.craftbeer-times.com/wp-content/uploads/2019/07/nestbeer-paleale-1360x960.jpg.webp
191,Far Yeast Brewing「Far Yeast Peach Brut」,https://www.craftbeer-times.com/far-yeast-peach-brut//,「Far Yeast Peach Brut」辛口ラガー、香り豊かなピーチを添えて,「Far Yeast Peach Brut」辛口ラガー、香り豊かなピーチを添えて,https://www.craftbeer-times.com/wp-content/uploads/2019/07/peachbrut-1360x960.jpg.webp
192,「Innovative Brewer SORACHI 1984」,https://www.craftbeer-times.com/innovative-brewer-sorachi-1984//,「Innovative Brewer SORACHI 1984」でソラチエースの香りと味わいを堪能しよう！！,「Innovative Brewer SORACHI 1984」でソラチエースの香りと味わいを堪能しよう！！,https://www.craftbeer-times.com/wp-content/uploads/2019/07/sorachi-1360x960.jpg.webp
193,エチゴビール「ALWAYS A WIT」,https://www.craftbeer-times.com/echigobeer-always-a-wit//,エチゴビール「ALWAYS A WIT」はこの夏に最適、ラフに飲める限定白ビール！,エチゴビール「ALWAYS A WIT」はこの夏に最適、ラフに飲める限定白ビール！,https://www.craftbeer-times.com/wp-content/uploads/2019/07/alwaysawit-1360x960.jpg.webp
194,タッチダウン「DUNKEL（デュンケル）」,https://www.craftbeer-times.com/touchdown-dunkel//,タッチダウン「DUNKEL（デュンケル）」は八ヶ岳ブルワリー醸造長の最高傑作,タッチダウン「DUNKEL（デュンケル）」は八ヶ岳ブルワリー醸造長の最高傑作,https://www.craftbeer-times.com/wp-content/uploads/2019/07/touchdown-dunkel-1360x960.jpg.webp
195,「GOOSE IPA」,https://www.craftbeer-times.com/goose-ipa//,「GOOSE IPA」はホップ好きには夢のようなビール？！,「GOOSE IPA」はホップ好きには夢のようなビール？！,https://www.craftbeer-times.com/wp-content/uploads/2019/07/gooseipa-1360x960.jpg.webp
196,タッチダウン「清里ラガー」,https://www.craftbeer-times.com/touchdown-kiyosato-lager//,山梨産のお米を使ったタッチダウン「清里ラガー」で懐かしの味を！,山梨産のお米を使ったタッチダウン「清里ラガー」で懐かしの味を！,https://www.craftbeer-times.com/wp-content/uploads/2019/07/touchdown_lager-1360x960.jpg.webp
197,ヴェデット「エクストラホワイト」,https://www.craftbeer-times.com/vedett-extrawhit//,ヴェデット「エクストラホワイト」安定した優しい味がほしい時は,ヴェデット「エクストラホワイト」安定した優しい味がほしい時は,https://www.craftbeer-times.com/wp-content/uploads/2019/06/vedett_extrawhit.-1360x960.jpg.webp
198,THE 軽井沢ビール「ダーク」,https://www.craftbeer-times.com/the-karuizawa-dark//,THE 軽井沢ビール「ダーク」苦そうで苦くない？！優しい口当たりのビール,THE 軽井沢ビール「ダーク」苦そうで苦くない？！優しい口当たりのビール,https://www.craftbeer-times.com/wp-content/uploads/2019/06/karuizawa-dark-1360x960.jpg.webp
199,「Innovative Brewer SKY PILS」,https://www.craftbeer-times.com/innovative-brewer-sky-pils//,「Innovative Brewer SKY PILS」飲んで楽しくハジけよう！！,「Innovative Brewer SKY PILS」飲んで楽しくハジけよう！！,https://www.craftbeer-times.com/wp-content/uploads/2019/06/skypils-1360x960.jpg.webp
200,Far Yeast Brewing「東京ホワイト」,https://www.craftbeer-times.com/far-yeast-tokyo-white//,Far Yeast Brewing「東京ホワイト」東京の洗練された味を楽しむ,Far Yeast Brewing「東京ホワイト」東京の洗練された味を楽しむ,https://www.craftbeer-times.com/wp-content/uploads/2019/06/tokyowhite-1360x960.jpg.webp
201,ヴェデット「エクストラIPA」,https://www.craftbeer-times.com/vedett-ipa//,ヴェデット「エクストラIPA」後味優しいベルジャンIPA,ヴェデット「エクストラIPA」後味優しいベルジャンIPA,https://www.craftbeer-times.com/wp-content/uploads/2019/06/vidett-1360x960.jpg.webp
202,「FIRE ROCK Pale Ale（ファイヤーロック ペールエール）」,https://www.craftbeer-times.com/fire-rock-pale-ale//,ハワイのビール「FIRE ROCK Pale Ale（ファイヤーロック ペールエール）」,ハワイのビール「FIRE ROCK Pale Ale（ファイヤーロック ペールエール）」,https://www.craftbeer-times.com/wp-content/uploads/2019/06/firerock-1360x960.jpg.webp
203,Far Yeast Brewing「東京IPA」,https://www.craftbeer-times.com/far-yeast-tokyo-ipa//,Far Yeast Brewing「東京IPA」常に進化し続ける味！個性的な1本！,Far Yeast Brewing「東京IPA」常に進化し続ける味！個性的な1本！,https://www.craftbeer-times.com/wp-content/uploads/2019/06/tokyoipa-1360x960.jpg.webp
204,「LUCKY CHICKEN」,https://www.craftbeer-times.com/luckychiken//,「LUCKY CHICKEN」×チキン料理のベストパートナー！,「LUCKY CHICKEN」×チキン料理のベストパートナー！,https://www.craftbeer-times.com/wp-content/uploads/2019/06/luckychiken-1360x960.jpg.webp
205,THE 軽井沢ビール「白ビール」,https://www.craftbeer-times.com/the-karuizawa-weiss//,THE 軽井沢ビール「白ビール」香りを堪能すべし！,THE 軽井沢ビール「白ビール」香りを堪能すべし！,https://www.craftbeer-times.com/wp-content/uploads/2019/06/the-karuizawa-weiss-1360x960.jpg.webp
206,ヤッホーブルーイング「僕ビール、君ビール。」,https://www.craftbeer-times.com/bokukimi//,ヤッホーブルーイング「僕ビール、君ビール。」軽快な飲み口が新鮮なセゾンビール！,ヤッホーブルーイング「僕ビール、君ビール。」軽快な飲み口が新鮮なセゾンビール！,https://www.craftbeer-times.com/wp-content/uploads/2019/06/bokukimi-1360x960.jpg.webp
207,セッションIPA?「COEDO 毬花 -Marihana-」,https://www.craftbeer-times.com/coedo-marihana//,セッションIPA?「COEDO 毬花 -Marihana-」知らない方はまずこれを試すべし！,セッションIPA?「COEDO 毬花 -Marihana-」知らない方はまずこれを試すべし！,https://www.craftbeer-times.com/wp-content/uploads/2019/06/coedo-marihana-1360x960.jpeg.webp
208,「CHIMAY TRIPLE（シメイ・ホワイト）」,https://www.craftbeer-times.com/chimay-white//,「CHIMAY TRIPLE（シメイ・ホワイト）」修道院で醸造のベルギービール,「CHIMAY TRIPLE（シメイ・ホワイト）」修道院で醸造のベルギービール,https://www.craftbeer-times.com/wp-content/uploads/2019/06/chimay-white-1360x960.jpg.webp
209,ベルギービール「CHIMAY BLEUE（シメイ・ブルー）」,https://www.craftbeer-times.com/chimay-bleue//,ベルギービール「CHIMAY BLEUE（シメイ・ブルー）」上品な香りと深い味わい,ベルギービール「CHIMAY BLEUE（シメイ・ブルー）」上品な香りと深い味わい,https://www.craftbeer-times.com/wp-content/uploads/2019/06/chimay-blue-1360x960.jpg.webp
210,「YOROSHIKU アールグレイ & 柚子IPA」,https://www.craftbeer-times.com/yoroshiku//,「YOROSHIKU アールグレイ & 柚子IPA」常陸野ネストがロンドンの人気醸造所とコラボ！,「YOROSHIKU アールグレイ & 柚子IPA」常陸野ネストがロンドンの人気醸造所とコラボ！,https://www.craftbeer-times.com/wp-content/uploads/2019/06/yoroshiku-1360x960.jpg.webp
211,「鎌倉ビール 星」,https://www.craftbeer-times.com/kamakura-beer-hoshi//,鎌倉の素材を生かした料理に合ったビールを造る「鎌倉ビール 星」,鎌倉の素材を生かした料理に合ったビールを造る「鎌倉ビール 星」,https://www.craftbeer-times.com/wp-content/uploads/2019/06/kamakura_beer-1360x960.jpg.webp
212,世嬉の一酒酒造「きんくら」,https://www.craftbeer-times.com/sekinoichi-kinkura//,大正時代から続く日本酒の蔵元が造るピルスナー「きんくら」,大正時代から続く日本酒の蔵元が造るピルスナー「きんくら」,https://www.craftbeer-times.com/wp-content/uploads/2019/06/kinkura-1360x960.jpg.webp
213,Far Yeast Tokyo「東京ブロンド」,https://www.craftbeer-times.com/far-yeast-tokyo-blonde//,東京をイメージしたビール！？「東京ブロンド」by Far Yeast Tokyo,東京をイメージしたビール！？「東京ブロンド」by Far Yeast Tokyo,https://www.craftbeer-times.com/wp-content/uploads/2019/06/faryeast_ale-1360x960.jpg.webp
214,熊野古道麦酒,https://www.craftbeer-times.com/kumanoko//,「熊野古道麦酒」初心者にも飲んでもらえるようにと、思いを込めて。,「熊野古道麦酒」初心者にも飲んでもらえるようにと、思いを込めて。,https://www.craftbeer-times.com/wp-content/uploads/2019/06/kumanoko-1360x960.jpg.webp
215,常陸野ネストビール「スウィートスタウト」,https://www.craftbeer-times.com/hitachino-stout//,常陸野ネストビール「スウィートスタウト」苦味とほのかな甘みを感じるスタウト,常陸野ネストビール「スウィートスタウト」苦味とほのかな甘みを感じるスタウト,https://www.craftbeer-times.com/wp-content/uploads/2019/06/hitachino-stout-1360x960.jpg.webp
216,常陸野ネストビール「NESTエキストラハイ」,https://www.craftbeer-times.com/hitachino-xh//,常陸野ネストビール「NESTエキストラハイ」濃厚なハイアルコールビール！,常陸野ネストビール「NESTエキストラハイ」濃厚なハイアルコールビール！,https://www.craftbeer-times.com/wp-content/uploads/2019/06/hitachino_xh-1360x960.jpg.webp
217,「エチゴ プレミアム レッドエール」,https://www.craftbeer-times.com/echigobeer-redale//,美しい深紅色のエールビール。「エチゴ プレミアム レッドエール」,美しい深紅色のエールビール。「エチゴ プレミアム レッドエール」,https://www.craftbeer-times.com/wp-content/uploads/2019/06/echigo-redale-1360x960.jpg.webp
218,「エチゴビール ピルスナー」,https://www.craftbeer-times.com/echigobeer-pilsner//,飲みやすいクラフトビールの代表格！「エチゴビール ピルスナー」,飲みやすいクラフトビールの代表格！「エチゴビール ピルスナー」,https://www.craftbeer-times.com/wp-content/uploads/2019/06/echigo_pilsner-1360x960.jpg.webp
219,「僕ビール、君ビール。満点クライマー」,https://www.craftbeer-times.com/bokukimi-manten//,華やかなパーティービール！「僕ビール、君ビール。満点クライマー」,華やかなパーティービール！「僕ビール、君ビール。満点クライマー」,https://www.craftbeer-times.com/wp-content/uploads/2019/06/bokukimi_brut_ipa-1360x960.jpg.webp
220,八ヶ岳ビール タッチダウン ピルスナー,https://www.craftbeer-times.com/touchdown-pilsner//,八ヶ岳ビールタッチダウン「ピルスナー」麦芽100%！原点のビール,八ヶ岳ビールタッチダウン「ピルスナー」麦芽100%！原点のビール,https://www.craftbeer-times.com/wp-content/uploads/2019/05/touchdown-pilsner-1360x960.jpg.webp
221,グースアイランド「312 URBAN WHEAT ALE」,https://www.craftbeer-times.com/goose-island-312-urban-wheat-ale//,シカゴに思いを馳せながら飲むグースアイランド「312 URBAN WHEAT ALE」,シカゴに思いを馳せながら飲むグースアイランド「312 URBAN WHEAT ALE」,https://www.craftbeer-times.com/wp-content/uploads/2019/05/goose-island_312-1360x960.jpg.webp
222,オラホビール「キャプテンクロウ エクストラペールエール」,https://www.craftbeer-times.com/ohlahobeer-captaincrow//,ガツンとくる強烈なホップ感！オラホビール「キャプテンクロウ エクストラペールエール」,ガツンとくる強烈なホップ感！オラホビール「キャプテンクロウ エクストラペールエール」,https://www.craftbeer-times.com/wp-content/uploads/2019/05/captaincrow-1360x960.jpg.webp
223,銀河高原ビール「ユキノチカラ白ビール」,https://www.craftbeer-times.com/gingakogen-whiteale//,豪雪の町が生んだ独特なヴァイツェン。銀河高原ビール「ユキノチカラ白ビール」,豪雪の町が生んだ独特なヴァイツェン。銀河高原ビール「ユキノチカラ白ビール」,https://www.craftbeer-times.com/wp-content/uploads/2019/05/gingakogen_whiteale-1360x960.jpg.webp
224,常陸野ネストビール「ホワイトエール」,https://www.craftbeer-times.com/hitachino-whiteale//,常陸野ネストビール「ホワイトエール」苦味控え目でスパイシーな人気ビール,常陸野ネストビール「ホワイトエール」苦味控え目でスパイシーな人気ビール,https://www.craftbeer-times.com/wp-content/uploads/2019/05/nestbeer_whiteale-1360x960.jpg.webp
225,BrewDog「デッドポニークラブ」,https://www.craftbeer-times.com/brewdog-dead-pony-club//,ハマる爽快感！BrewDog「デッドポニークラブ」,ハマる爽快感！BrewDog「デッドポニークラブ」,https://www.craftbeer-times.com/wp-content/uploads/2019/05/brewdog_dead-pony-club-1360x960.jpg.webp
226,エチゴビール「こしひかり越後ビール」,https://www.craftbeer-times.com/echigo-koshihikari//,「こしひかり越後ビール」ビールにお米？地ビールの老舗エチゴビールが仕掛ける！,「こしひかり越後ビール」ビールにお米？地ビールの老舗エチゴビールが仕掛ける！,https://www.craftbeer-times.com/wp-content/uploads/2019/05/echigo_koshihikari-1360x960.jpg.webp
227,ROGUE Ales「ヘーゼルナッツ・ブラウンネクター」,https://www.craftbeer-times.com/rogue-hazelnut//,ナッツ好き必見！ROGUEの「ヘーゼルナッツ・ブラウンネクター」,ナッツ好き必見！ROGUEの「ヘーゼルナッツ・ブラウンネクター」,https://www.craftbeer-times.com/wp-content/uploads/2019/05/rogue_hazelnut-1360x960.jpg.webp
228,銀河高原ビール「ペールエール」,https://www.craftbeer-times.com/gingakogen-paleale//,銀河高原ビール「ペールエール」紅茶のような琥珀色をしたコクのあるビール,銀河高原ビール「ペールエール」紅茶のような琥珀色をしたコクのあるビール,https://www.craftbeer-times.com/wp-content/uploads/2019/05/img_gingakogen_paleale-1360x940.jpg.webp
229,BLUE MOON（ブルームーン）,https://www.craftbeer-times.com/bluemoon//,奇跡のビール！全米売り上げNO.1の「BLUE MOON」,奇跡のビール！全米売り上げNO.1の「BLUE MOON」,https://www.craftbeer-times.com/wp-content/uploads/2019/05/img_bluemoon-1360x960.jpg.webp
230,COEDO 瑠璃（ruri）,https://www.craftbeer-times.com/coedo-ruri//,「和」を感じるCOEDOの定番ビール「COEDO 瑠璃-ruri-」,「和」を感じるCOEDOの定番ビール「COEDO 瑠璃-ruri-」,https://www.craftbeer-times.com/wp-content/uploads/2019/05/img_coedo_ruri-1360x960.jpg.webp
231,富士桜高原麦酒ピルス,https://www.craftbeer-times.com/fuji-zakura-pils//,シンプルに旨いビールに勝るものはない「富士桜高原麦酒ピルス 」,シンプルに旨いビールに勝るものはない「富士桜高原麦酒ピルス 」,https://www.craftbeer-times.com/wp-content/uploads/2019/05/img_fjk_pils-1360x964.jpg.webp
232,FUJI ZAKURA BEER PROJECT エクストリームピルスナー,https://www.craftbeer-times.com/fuji-zakura-beer-project-exp//,「FUJI ZAKURA BEER PROJECT エクストリームピルスナー」缶ビールの新定番,「FUJI ZAKURA BEER PROJECT エクストリームピルスナー」缶ビールの新定番,https://www.craftbeer-times.com/wp-content/uploads/2019/05/img_exp-1360x906.jpg.webp